Código;Nome;Categoria;Stock;Valor Unit.;Valor Total
;Advantage 80 gato - pipeta;Felídeos - Desp.externo - Pipeta;0.00;0;0
;Seringa 2ml - com agulha *f;Consumíveis;0.00;0;0
;Agalactivax - frasco 100ml *f;Injectáveis;0.00;0;0
;Upcard 7,5mg - Torasemida - Blister De 10 Comprimidos;Medicamentos;2.00;26,54;26,54
;WeCysto Plus 50ml - Embalagem;Suplemento;18.00;119,52;119,52
;Instinct Dog Snacks N&T Cubes Chicken 50g;Canídeos - Ração - Húmida;0.00;0;0
;Ownat Cat Classic Sterilized 4Kg;Felídeos - Ração - Seca;3.00;30,93;30,93
;Feluro 60ml - uma embalagem;Suplemento;0.00;0;0
;SP CPD-M Puppy Medium Breed 12Kg;Canídeos - Ração - Seca;0.00;0;0
;TOW CÃO ADULTO SALMÃO 12,2KG - Pacific Stream;Canídeos - Ração - Seca;0.00;0;0
;Clavusan 500mg+125mg (amoxicilina + ácido clavulânico) - comprimido;Medicamentos;351.00;308,88;308,88
;Fato pós-cirurgia cão Tm10 Macho Dry - Azul;Bem-estar Animal;2.00;0;0
;Instinct Dog Snacks N&T Cubes Beef 50g;Canídeos - Ração - Húmida;0.00;0;0
;Fato pós-cirurgia cão Tm16 Macho Dry - Azul;Bem-estar Animal;2.00;82,1;82,1
;Pharmasin - frasco 100ml *f;Injectáveis;0.00;0;0
;Cerenia 160mg - comprimido;Medicamentos;20.00;110;110
;HF Optima Coelho;Outros;0.00;0;0
;Fato pós-cirurgia cão Tm07 Macho/Fêmea - Rosa;Bem-estar Animal;0.00;0;0
;Dialix bladder control 60 chews - embalagem;Suplemento;10.00;277,6;277,6
;RC Dog Satiety Weight Management - 12Kg;Canídeos - Ração - Seca;0.00;0;0
;Algália para gato 1.0 (c/ estilete);Consumíveis;12.00;0;0
;Capstar 57mg - comprimido;Canídeos - Desp.externo - Comprimido s/ prev.dirofilariose;6.00;20,76;20,76
;Fato pós-cirurgia cão Tm06 Macho/Fêmea - Rosa;Bem-estar Animal;0.00;0;0
;Fato pós-cirurgia cão Tm07 Macho Dry - Azul;Bem-estar Animal;3.00;71,1;71,1
;Bravecto gato (6,25-12.5Kg);Felídeos - Desp.externo - Pipeta;0.00;0;0
;Ownat Dog Classic Duck 12kg;Canídeos - Ração - Seca;1.00;0;0
;Capstar 11,4mg - comprimido;Felídeos - Desp.externo;6.00;19,02;19,02
;Woolf Chicken with Seafood 100gr;Canideos e Felídeos - Ração - Húmida;0.00;0;0
;Propofol - 50ml *f;Injectáveis;5.00;34,5;34,5
;Fato pós-cirurgia cão Tm09 Macho/Fêmea - Rosa;Bem-estar Animal;0.00;0;0
;PEITORAL PUPPIA MISCHIEF CINZA XL;Bem-estar Animal;1.00;16,49;16,49
;Caninsulin - frasquinho;Injectáveis;0.00;0;0
;Fato pós-cirurgia cão Tm03 Macho/Fêmea - Rosa/Verde;Bem-estar Animal;0.00;0;0
;Fato pós-cirurgia cão Tm01 Macho Dry - Azul;Bem-estar Animal;7.00;122,85;122,85
;Dermoscent Atop7 Mousse 150ml;Bem-estar Animal;0.00;0;0
;Schesir NS Kitten Pato 1,4Kg;Felídeos - Ração - Seca;0.00;0;0
;Upcard 0,75mg - blister de 10 comprimidos;Medicamentos;0.00;0;0
;Seringa 2ml - preta *f;Consumíveis;0.00;0;0
;Fato pós-cirurgia cão Tm02 Macho Dry - Azul;Bem-estar Animal;5.00;102,5;102,5
;Applaws Cat Tuna and Anchovy 70g;Felídeos - Ração - Húmida;0.00;0;0
;Dermoscent Pioclean Mousse 150ml;Bem-estar Animal;0.00;0;0
;RC Cat Renal - 400g;Felídeos - Ração - Seca;1.00;5,18;5,18
;Schesir Gato Atum 85g - latinha;Felídeos - Ração - Húmida;2.00;2,4;2,4
;Nexgard combo gatos de 2,5-7,5kg - pipeta;Felídeos - Desp.interno e externo - Pipeta;223.00;1563,23;1563,23
;Schesir Gato Atum/Papaia 75g - Latinha;Felídeos - Ração - Húmida;2.00;2,46;2,46
;AD Cat Gastroenteric Sensitive 2,75kg;Felídeos - Ração - Seca;0.00;0;0
;Fato pós-cirurgia gato Tm02 - Verde - NAO EXISTE;Bem-estar Animal;0.00;0;0
;Cosequin gatos - embalagem;Suplemento;0.00;0;0
;Schesir Gato Atum/Gambas 85g - latinha/saqueta;Felídeos - Ração - Húmida;26.00;32,24;32,24
;Pexion 400mg - embalagem de 100 comprimidos;Medicamentos;0.00;0;0
;Credelio 112mg 2,5-5,5Kg - Comprimido;Canídeos - Desp.externo - Comprimido s/ prev.dirofilariose;8.00;28,88;28,88
;Schesir Cão Frango/Espinafres 285g - Lata;Canídeos - Ração - Húmida;3.00;8,04;8,04
;Neurobion injectável - ampola 3ml *f;Injectáveis;0.00;0;0
;Fato Buster pós-cirurgia cão - 52cm;Bem-estar Animal;0.00;0;0
;AD Dog Maxi Junior Chicken and Rice 14kg;Canídeos - Ração - Seca;0.00;0;0
;SP CXD-M ADULT MEDIUM BREED 4Kg;Canídeos - Ração - Seca;0.00;0;0
;RC Babydog milk 400g c/ biberão;Canídeos - Ração - Seca;0.00;0;0
;Condicionador Megamazon Forest Purity Pitanga 280ml;Bem-estar Animal;7.00;38,64;38,64
;Schesir Gato Atum/Presunto 85g - latinha;Felídeos - Ração - Húmida;0.00;0;0
;Vacina Versican Plus + Raiva DHPPiLR - nao existe;Canídeos - Vacinas;0.00;0;0
;Schesir NS Kitten Pato 350g;Felídeos - Ração - Seca;0.00;0;0
;Fio sutura 4/0 T (Monosyn);Consumíveis;1.00;0;0
;Pano campo 30x40;Consumíveis;0.00;0;0
;RC Babycat milk 300g c/ biberão;Felídeos - Ração - Seca;0.00;0;0
;Seringa 20ml *f - Caixa;Consumíveis;4.00;18,24;18,24
;Urano/Witness leishmania - despiste de leishmaniose;Análises - Simples;0.00;0;0
;Schesir Gato Atum/Sardinha 85g - latinha azul;Felídeos - Ração - Húmida;0.00;0;0
;WeJoint Plus BISCOITOS R. Grandes - caixa 30 unidades;Suplemento;70.00;886,2;886,2
;Sistema de soro sem regulador BRAUN - embalagem *f;Consumíveis;10.00;125;125
;Areia Sanicat Evolution Kitten 6 Lt - NAO EXISTE;Bem-estar Animal;0.00;0;0
;Formol 10% - lt;Consumíveis;0.00;0;0
;Schesir Gato Frango 85g - latinha;Felídeos - Ração - Húmida;0.00;0;0
;Modulis 100mg/ml 30ml;Medicamentos;0.00;0;0
;AD Dog Mini Light Chicken and Rice 3kg;Canídeos - Ração - Seca;3.00;37,5;37,5
;Buscopan -  6 ampolas 1ml *f;Injectáveis;0.00;0;0
;RC Cat Mother and Baby - 2Kg;Felídeos - Ração - Seca;1.00;20,94;20,94
;Coleira Adaptil M-L 70cm;Bem-estar Animal;0.00;0;0
;Schesir Gato Frango/Maçã 85g - latinha;Felídeos - Ração - Húmida;2.00;2,46;2,46
;Nexgard combo gatos até 2,5kg - pipeta;Felídeos - Desp.interno e externo - Pipeta;21.00;130,41;130,41
;Cladaxxa 400/100mg - comprimido;Medicamentos;94.00;62,98;62,98
;DaForte - embalagem de 50ml;Suplemento;0.00;0;0
;Kimiliveria 100ml;Suplemento;2.00;26,74;26,74
;AD Cat Sterilized Sensitive Salmon and Barley 3kg;Felídeos - Ração - Seca;10.00;153,4;153,4
;Otoxolan 10ml;Medicamentos;0.00;0;0
;Schesir Gato Atum/Manga 75g - latinha;Felídeos - Ração - Húmida;1.00;1,23;1,23
;Cardisure 10mg - blister de 10 comprimidos;Medicamentos;0.00;0;0
;Schesir Gato Atum/Kiwi 75g - latinha;Felídeos - Ração - Húmida;2.00;2,46;2,46
;Kimiplex 30ml;Suplemento;4.00;60,52;60,52
;Ciclosporina Teva 100mg;Medicamentos;0.00;0;0
;Thrombocid;Medicamentos;0.00;0;0
;Tubo com tampa para centrifuga;Consumíveis;0.00;0;0
;AD Dog Weight Balance Mini (1-10Kg) 1,5kg;Canídeos - Ração - Seca;0.00;0;0
;Orozyme - Pasta dentífrica 70g;Medicamentos;6.00;58,44;58,44
;Schesir Gato Atum/Sardinha 70g - latinha amarela;Felídeos - Ração - Húmida;0.00;0;0
;TOW Prey Gato Angus Vaca 2.72Kg;Felídeos - Ração - Seca;0.00;0;0
;Colar 12,5 Confort;Consumíveis;7.00;19,6;19,6
;Trovetplus Gato Renal Oxalato Frango 1.2Kg;Felídeos - Ração - Seca;0.00;0;0
;AD Dog Medium Senior Chicken & Rice 3Kg;Canídeos - Ração - Seca;7.00;87,5;87,5
;Bioquimica - ALT (Alanine aminotransferase);Análises - Simples;13.00;16,51;16,51
;Trocoxil 30mg - 11-15kg - comprimido;Medicamentos;0.00;0;0
;Bolsa de embalagem - pequena (7x10cm);Consumíveis;0.00;0;0
;Emedog 1mg/ml - ampola de 1ml;Medicamentos;0.00;0;0
;Ceporex (cefalexina) - frasco f*;Medicamentos;0.00;0;0
;Schesir NS Gato Esterilizado Pato 1,4Kg;Felídeos - Ração - Seca;0.00;0;0
;RC Cat Gastro Intestinal 12x85g - Caixa;Felídeos - Ração - Húmida;0.00;0;0
;Credelio 450mg 11-22Kg - Comprimido;Canídeos - Desp.externo - Comprimido s/ prev.dirofilariose;18.00;74,16;74,16
;Dialix UT Cão - 30 comprimidos palatáveis;Suplemento;0.00;0;0
;Trovetplus Gato Renal Veado 1.2Kg;Felídeos - Ração - Seca;0.00;0;0
;Xilocaína spray 10% - Frasco  f*;Medicamentos;0.00;0;0
;Bioquimica - PHOS;Análises - Simples;50.00;99,5;99,5
;AD Dog Medium Puppy Chicken and Rice 12Kg;Canídeos - Ração - Seca;0.00;0;0
;Bolsa de embalagem - média (10x15cm);Consumíveis;0.00;0;0
;Herpless Facil - 1 embalagem;Suplemento;0.00;0;0
;Doxybactin (Doxiciclina) 50mg - comprimido;Medicamentos;346.00;155,7;155,7
;Schesir NS Gato Esterilizado Atum 1,4Kg;Felídeos - Ração - Seca;0.00;0;0
;RC Pill Assist Gato - Embalagem;Suplemento;0.00;0;0
;Bioquimica - AST;Análises - Simples;0.00;0;0
;AD Cat Adult Sensitive Salmon and Rice 3kg;Felídeos - Ração - Seca;0.00;0;0
;Bolsa de embalagem - grande (12x17cm);Consumíveis;0.00;0;0
;Purina Proplan Gastrointestinal (EN) lata 195g;Felídeos - Ração - Húmida;108.00;147,96;147,96
;Schesir Gato Salmão/Cenoura 40g - sopa;Felídeos - Ração - Húmida;3.00;2,07;2,07
;Schesir NS Puppy Peru 2,24Kg;Canídeos - Ração - Seca;0.00;0;0
;RC Pill Assist Cão (S) - Embalagem;Suplemento;0.00;0;0
;RC Cat Neutered Satiety Balance 3.5Kg;Felídeos - Ração - Seca;1.00;26,74;26,74
;Bioquimica - BUN/UREA (Blood urea nitrogen);Análises - Simples;17.00;22,95;22,95
;Anestesia volátil - Isoflurano - Isovet 250ml *f;Medicamentos;1.00;50,84;50,84
;Recarga sacos biodegradáveis lavanda Earth Rated;Bem-estar Animal;0.00;0;0
;Purina Proplan Sterilized Cat Beef 24x85g;Felídeos - Ração - Húmida;0.00;0;0
;Schesir Bio Cão Carne 400g - lata;Canídeos - Ração - Húmida;0.00;0;0
;Credelio PLUS 112,5mg 2,8-5,5Kg - Comprimido;Canídeos - Desp.interno e externo;29.00;142,1;142,1
;Amanova Gato Atum e Anchovas - lata 70g;Felídeos - Ração - Húmida;7.00;6,02;6,02
;Glonefro - 30 cápsulas;Medicamentos;11.00;147,07;147,07
;HPM KJ2 Cat Kidney & Joint 3kg;Felídeos - Ração - Seca;0.00;0;0
;Purina Proplan Hydra Care Salmão 85g - Saqueta;Felídeos - Ração - Húmida;3.00;2,19;2,19
;Bioquimica - ALP / ALKP (Alkaline phosphatase);Análises - Simples;8.00;0;0
;Bioquimica - Ca;Análises - Simples;0.00;0;0
;Applaws Cat Ocean Fish with Salmon 1,8kg;Felídeos - Ração - Seca;0.00;0;0
;Purina Proplan Sterilized Cat Fish 10x85g;Felídeos - Ração - Húmida;0.00;0;0
;Schesir Bio Cão Frango 85g - saqueta;Canídeos - Ração - Húmida;0.00;0;0
;Credelio PLUS 225mg 5,5-11Kg - Comprimido;Canídeos - Desp.interno e externo;30.00;168,3;168,3
;Sorofen duo - comprimido;Medicamentos;162.00;140,94;140,94
;Amanova Gato Frango & Camarão - lata 70g;Felídeos - Ração - Húmida;3.00;2,58;2,58
;Amanova Cão Adult Mini Digestive Divine Rabbit 800g;Canídeos - Ração - Seca;0.00;0;0
;Bioquimica - ALB (Albumin);Análises - Simples;13.00;17,55;17,55
;Woolf Duck and Cod Sandwich 100gr;Canideos e Felídeos - Ração - Húmida;0.00;0;0
;Applaws Cat Senior Atum e Sardinha - Lata 70g;Felídeos - Ração - Húmida;0.00;0;0
;Purina Proplan Sterilized Cat 12Kg;Felídeos - Ração - Seca;0.00;0;0
;Schesir Bio Cão Puppy Frango 400g - lata;Canídeos - Ração - Húmida;0.00;0;0
;HPM Cat Adult Neutered 3Kg;Felídeos - Ração - Seca;0.00;0;0
;Kimidryl Block Flocos 60g;Suplemento;10.00;119,5;119,5
;Amanova Cão Adult Mini Sensitive Salmon Deluxe 800g;Canídeos - Ração - Seca;1.00;6,05;6,05
;Bioquimica - TP (Total protein);Análises - Simples;22.00;29,7;29,7
;Veraflox cão/gato 15mg - comprimido;Medicamentos;0.00;0;0
;Compressa em não tecido 20*10cm *f;Consumíveis;3.00;0;0
;Applaws Cat Peixe Oceano - Lata 70g;Felídeos - Ração - Húmida;0.00;0;0
;Effivet líquido 250ml;Suplemento;0.00;0;0
;Amanova Cão Adult Mini Exigent Iberian Pork 800g;Canídeos - Ração - Seca;0.00;0;0
;Bioquimica - GLU (Glucose);Análises - Simples;25.00;31,75;31,75
;Advocate Gato - 0,4ml - (0-4kg) - pipeta;Felídeos - Desp.externo - Pipeta;0.00;0;0
;Effivet líquido 750ml;Suplemento;0.00;0;0
;RC Cat Urinary S/O Moderate Calorie - 1,5kg;Felídeos - Ração - Seca;0.00;0;0
;HPM A1 Dog Hypoallergy Insecto 3Kg;Canídeos - Ração - Seca;0.00;0;0
;Privaprol 2ml;Injectáveis;0.00;0;0
;Imovec multi espécies 50ml *f;Injectáveis;0.00;0;0
;Amoxibactin 500 - comprimido;Medicamentos;0.00;0;0
;Doxycare (Doxiciclina) 40mg - comprimido;Medicamentos;310.00;170,5;170,5
;Schesir Gato Atum/Ananás 85g - lata;Felídeos - Ração - Húmida;0.00;0;0
;Schesir Cão Frango/Abóbora 285g - Lata;Canídeos - Ração - Húmida;2.00;5,36;5,36
;Schesir Gato Atum/Salmão 85g - saqueta;Felídeos - Ração - Húmida;12.00;9,6;9,6
;HPM A2 Dog Hypoallergy Salmão 3Kg;Canídeos - Ração - Seca;0.00;0;0
;RC Convalescence Support Instant 50g;Felídeos - Ração - Seca;0.00;0;0
;Cardisure 1,25mg - blister;Medicamentos;37.00;71,78;71,78
;Schesir Cão Frango/Cenoura 285g - Lata;Canídeos - Ração - Húmida;0.00;0;0
;2024 Kong Natal (Gato) com catnip - vários;Outros;0.00;0;0
;Depo-medrol 80mg/ml - 1 ampola *f;Medicamentos;0.00;0;0
;Bolfo casa spray;Canídeos e Felídeos - Desp.externo - Spray;0.00;0;0
;Adesivo para a pele - spray;Consumíveis;0.00;0;0
;Librela 20mg (30-40kg) - 1ml;Medicamentos;1.00;48,02;48,02
;Wecogni 180gr - Embalagem;Suplemento;0.00;0;0
;Kong Softies Lama (Gato);Outros;0.00;0;0
;RC Kit Kitten;Felídeos - Rações;0.00;0;0
;Amanova Gato Atum e Camarões - lata 70g;Felídeos - Ração - Húmida;16.00;13,76;13,76
;NAO USAR - Eritropoitina - Neorecormon - cx 6 ampolas;Injectáveis;0.00;0;0
;Kong Easy Treat - Pasta Puppy/Chicken;Bem-estar Animal;0.00;0;0
;Baytril/Floxabactin/Enroxal (enrofloxacina) 50mg - comprimido;Medicamentos;0.00;0;0
;TOW CÃO LATA PATO;Canídeos - Ração - Húmida;0.00;0;0
;Schesir Gato Frango/Dourada 70g - latinha;Felídeos - Ração - Húmida;0.00;0;0
;Credelio PLUS 900mg 22-45Kg - Comprimido;Canídeos - Desp.externo - Comprimido c/ prev.dirofilariose;18.00;150,84;150,84
;Kong Natal Floppy Knots Rena (Cão);Outros;0.00;0;0
;RC Kit Mini Puppy;Canídeos - Ração;1.00;4,2;4,2
;Amanova Gato Atum e Algas 70g;Felídeos - Ração - Húmida;0.00;0;0
;Zycortal 25mg/ml 4ml - f*;Medicamentos;1.00;89;89
;Prozinc 40UI/ml 10ml;Injectáveis;0.00;0;0
;Tylan pó - embalagem 100g;Animais de produção - Medicamentos;0.00;0;0
;Credelio 225mg 5,5-11Kg - Comprimido;Canídeos - Desp.externo - Comprimido s/ prev.dirofilariose;25.00;105,5;105,5
;Kong Natal Shakers Luvs Rena 2023;Outros;0.00;0;0
;AD Cat Wet Sterilized Codfish 85g;Felídeos - Ração - Húmida;6.00;4,26;4,26
;RC Kitten 400g;Felídeos - Ração - Seca;0.00;0;0
;Amanova Gato Atum e Sardinha 70g;Felídeos - Ração - Húmida;21.00;18,06;18,06
;Ulcermin (sucralfato) - saqueta 5ml;Medicamentos;43.00;9,46;9,46
;Oxtra 250ml;Animais de produção - Medicamentos;0.00;0;0
;Gentayet - frasco 100ml *f;Medicamentos;0.00;0;0
;Applaws Cat Adult Chicken and Duck 7,5kg;Felídeos - Ração - Seca;0.00;0;0
;Galliprant 60mg - 1 comprimido;Medicamentos;0.00;0;0
;Schesir Ediçao Especial Lagosta - 3x50g;Felídeos - Ração - Húmida;1.00;2,39;2,39
;Litter Aparas Madeira 4Kg;Bem-estar Animal;1.00;4,97;4,97
;Amanova Gato Sardinha & Camarão - lata 70g;Felídeos - Ração - Húmida;17.00;14,62;14,62
;Ownat Dog Prime Mini Adult Chicken and Turkey 3Kg;Canídeos - Ração - Seca;2.00;25,48;25,48
;Flagyl 250mg (metronidazol) - comprimido;Medicamentos;0.00;0;0
;Profender gato 0,7ml - 2,5-5kg - pipeta;Felídeos - Desp.externo - Pipeta;0.00;0;0
;Applaws Cat Ocean Fish with Salmon 6kg;Felídeos - Ração - Seca;0.00;0;0
;Redonyl ultra 50mg - embalagem de 60 cápsulas;Suplemento;0.00;0;0
;Effivet solução oftálmica 60ml;Suplemento;15.00;86,25;86,25
;Purina Proplan Hydra Care 85g - Saqueta;Felídeos - Ração - Húmida;4.00;2,92;2,92
;Manipulado Sildenafil 5mg/ml - 270ml;Medicamentos;0.00;0;0
;Nature Gerbil 700g;Leporídeos - Ração;0.00;0;0
;RC Kit Urinary;Felídeos - Rações;0.00;0;0
;Amanova Gato Atum e Manga - lata 70g;Felídeos - Ração - Húmida;4.00;3,44;3,44
;Amanova Puppy Sensitive Salmon Deluxe 2Kg;Canídeos - Ração - Seca;0.00;0;0
;Kong Cat Enchanted Buzzy Unicorn;Bem-estar Animal;0.00;0;0
;Profender gato 1,12ml - 5-8kg - pipeta;Felídeos - Desp.externo - Pipeta;0.00;0;0
;Champô Megamazon Forest Soul Cupuaçú 300ml;Bem-estar Animal;5.00;27,6;27,6
;TOW CÃO ADULTO VEADO 2KG - Pine Forest;Felídeos - Ração - Seca;0.00;0;0
;Omeprazol 5mg - 60 cápsulas;Medicamentos;1.00;25;25
;Cavia Complete Cobaias 1.75Kg;Leporídeos - Ração;0.00;0;0
;NÃO TEMOS - RC Kit Gastrointestinal Kitten;Felídeos - Rações;0.00;0;0
;Amanova Gato Atum e Quinoa - lata 70g;Felídeos - Ração - Húmida;0.00;0;0
;Amanova Kitten Frango & Peixe - lata 85g;Felídeos - Ração - Húmida;0.00;0;0
;Kong Cat Pull-a-partz Purrito;Bem-estar Animal;1.00;3,45;3,45
;Lasa (famotidina 10mg) - comprimido;Medicamentos;42.00;21,42;21,42
;Veraflox cão 60mg - comprimido;Medicamentos;0.00;0;0
;Areia Sanicat Active White Fragrance Free 6l;Bem-estar Animal;0.00;0;0
;Areia de Banho Chinchillas 2L / 1,3Kg;Leporídeos;0.00;0;0
;Hedylon (Prednisolona) 25mg - comprimido;Medicamentos;199.00;93,53;93,53
;Amanova Gato Frango & Atum - lata 70g;Felídeos - Ração - Húmida;20.00;8,6;8,6
;Amanova Cão Exquisite Chicken 300g;Canídeos - Ração - Húmida;16.00;36,8;36,8
;Kong Cat Pull-a-partz Sushi;Bem-estar Animal;0.00;0;0
;Metoclopramida 10mg - comprimido;Medicamentos;0.00;0;0
;Stronghold 240mg - 20,1-40,0kg - caixa *c;Canídeos - Desp.interno e externo - Pipeta;0.00;0;0
;Champô Megamazon Forest Purity Pitanga 300ml;Bem-estar Animal;2.00;11,04;11,04
;AD Cat Sterilized Sensitive Salmon and Barley 1,5kg;Felídeos - Ração - Seca;4.00;38,64;38,64
;Credelio PLUS 450mg 11-22Kg - Comprimido;Canídeos - Desp.externo - Comprimido c/ prev.dirofilariose;20.00;129;129
;Barrita Coelhos/Cavia Fruta 2 un;Leporídeos - Ração;0.00;0;0
;Vitaminthe 10mL;Canídeos e Felídeos - Desp.interno;0.00;0;0
;RC Kitten Sterilized 3,5Kg;Felídeos - Ração - Seca;0.00;0;0
;Amanova Gato Frango & Surimi - lata 70g;Felídeos - Ração - Húmida;0.00;0;0
;HPM W2 Cat Weight Loss & Control 1,5Kg;Felídeos - Ração - Seca;0.00;0;0
;RC Mini Puppy 800g;Canídeos - Ração - Seca;0.00;0;0
;Kong Cat Window Teaser (janela);Bem-estar Animal;3.00;10,62;10,62
;UrinaryMet Pasta 100g;Suplemento;0.00;0;0
;Meloxicam 7,5mg - comprimido;Medicamentos;0.00;0;0
;Compressa tendersorb (tipo penso);Consumíveis;0.00;0;0
;Stronghold 240mg - 20,1-40,0kg - pipeta;Canídeos - Desp.interno e externo - Pipeta;0.00;0;0
;Propalin xarope cão 30ml;Medicamentos;4.00;54,88;54,88
;Amodip 1,25mg - blister de 10 comprimidos;Medicamentos;15.00;123,15;123,15
;Champô Megamazon Forest Energy Guaraná 300ml;Bem-estar Animal;6.00;33,12;33,12
;Credelio PLUS 56.25mg 1.4-2.8Kg - Comprimido;Canídeos - Desp.externo - Comprimido c/ prev.dirofilariose;3.00;13,41;13,41
;Palladia 10mg - embalagem de 20 comprimidos;Medicamentos;0.00;0;0
;Barrita Coelhos/Cavia Cenoura & Salsa 2 un;Leporídeos - Ração;0.00;0;0
;Carporal 40mg - comprimido;Medicamentos;0.00;0;0
;Kong Scrumplez Koala M;Bem-estar Animal;1.00;7,43;7,43
;Lepicortinolo 20mg - comprimido;Medicamentos;0.00;0;0
;Simparica 10mg - comprimido;Canídeos - Desp.externo;0.00;0;0
;Trocoxil 75mg - 31-37kg - comprimido;Medicamentos;0.00;0;0
;Condicionador Megamazon Forest Energy Guaraná 280ml;Bem-estar Animal;7.00;38,64;38,64
;RC Cat Hepatic 2Kg;Felídeos - Ração - Seca;0.00;0;0
;Kong Shakers Flamingo Small;Bem-estar Animal;0.00;0;0
;Microlax lactentes;Medicamentos;13.00;12,61;12,61
;Alizin 10ml *f;Injectáveis;0.00;0;0
;Apoquel 05,4mg - blister 10 comprimidos;Medicamentos;0.00;0;0
;Purina Proplan Diabetes (DM) 10*85g (Caixa);Felídeos - Ração - Húmida;0.00;0;0
;Schesir Gato Atum/Papaia 85g - Saqueta;Felídeos - Ração - Húmida;0.00;0;0
;RC Cat Mature Consult Balance 85g - Saqueta;Felídeos - Ração - Húmida;0.00;0;0
;Palmidol - 30 cápsulas;Suplemento;6.00;56,58;56,58
;Fortiflora plus Cão - Caixa 30 saquetas;Suplemento;0.00;0;0
;Famotidina 20mg - comprimido;Medicamentos;0.00;0;0
;Purina Proplan Dermaplus 10*85g (Caixa);Felídeos - Ração - Húmida;0.00;0;0
;Clorohexidina 0,5% spray solução alcoólica - 250ml;Tratamentos;0.00;0;0
;Colar 7,5 confort;Consumíveis;1.00;3,12;3,12
;Kong Sherps Floofs Sheep M;Bem-estar Animal;0.00;0;0
;Karsivan - Caixa;Medicamentos;3.00;42;42
;Seringa 0.5ml (de insulina c/ agulha) - Caixa;Consumíveis;9.00;134,55;134,55
;Nature Feno Timothy - pimentão & pastinaga 500g;Leporídeos - Ração - Seca;2.00;9,36;9,36
;Zodon 88mg - comprimido;Medicamentos;54.00;35,1;35,1
;Litter Aparas Madeira 1Kg;Bem-estar Animal;0.00;0;0
;Ownat Dog Prime Mini Adult Chicken and Turkey 1kg;Canídeos - Ração - Seca;0.00;0;0
;Kong Snuzzles Kiddos Sloth Small;Bem-estar Animal;1.00;5,72;5,72
;Posatex - embalagem;Medicamentos;0.00;0;0
;Seringa 2ml - 2 peças *f;Consumíveis;0.00;0;0
;Fato Buster pós-cirurgia gato - XS;Bem-estar Animal;0.00;0;0
;Prevendog - Caixa com 2 (NAO EXISTE);Canídeos - Desp.externo - Coleira;0.00;0;0
;Litter Roedores Back 2 Nature - 3,5l;Animais Exóticos;0.00;0;0
;AD Kitten 400g;Felídeos - Ração - Seca;0.00;0;0
;Zodon 264mg - comprimido;Medicamentos;78.00;106,86;106,86
;Litter Aparas Madeira 2,5kg;Bem-estar Animal;0.00;0;0
;RC Kitten Sterilized 2Kg;Felídeos - Ração - Seca;0.00;0;0
;AD Cat Wet weight balance 85g - Saqueta;Felídeos - Ração - Húmida;12.00;12,84;12,84
;Ownat Cat Hypoallergenic 1,5kg;Canídeos - Ração - Seca;0.00;0;0
;Mirtazapina 15mg - comprimido;Medicamentos;60.00;10,2;10,2
;Profender gato multidose - 14ml *f;Felídeos - Desp.externo- Dose;0.00;0;0
;VL Cuni Junior Complete 0,5kg;Leporídeos - Ração - Seca;0.00;0;0
;Prevendog - Caixa com 2 (NAO EXISTE);Canídeos - Desp.externo - Coleira;0.00;0;0
;Instinct Dog No Grain Mini Adult Chicken 2Kg;Canídeos - Ração - Seca;0.00;0;0
;Montain Hay (Feno Montanha) - Ervas 500g;Leporídeos - Ração - Seca;0.00;0;0
;Natural Straw / Palha 2,5Kg;Leporídeos;0.00;0;0
;RC Dog Urinary Small Dog - 1.5Kg;Canídeos - Ração - Seca;0.00;0;0
;Aster Trisoftal Wipes - Caixa;Suplemento;0.00;0;0
;Lacri + Solução conforto ocular 10ml;Medicamentos;17.00;130,73;130,73
;Cardalis 5/40mg - caixa de 30 comprimidos;Medicamentos;0.00;0;0
;VL Cuni Sensitive Complete 0,5kg;Leporídeos - Ração - Seca;0.00;0;0
;AD Cat Urinary Stress 1.25kg;Felídeos - Ração - Seca;5.00;54;54
;Purina Proplan Gastrointestinal Frango (EN) 10*85g (Caixa);Felídeos - Ração - Húmida;0.00;0;0
;Montain Hay (Feno Montanha) - Dente leão 500g;Leporídeos - Ração - Seca;0.00;0;0
;Trazodona 100mg - 1 comprimido;Medicamentos;23.00;2,07;2,07
;Panacur pasta - embalagem;Canídeos e Felídeos - Desp.interno - Comprimido s/ prev.dirofilariose;0.00;0;0
;Lidor frasco 50ml *f;Injectáveis;1.00;7,57;7,57
;Trela Buster 1,8m;Bem-estar Animal;0.00;0;0
;SP FCD-L Crystal Prevention Light 400g;Felídeos - Ração - Seca;0.00;0;0
;PEITORAL PUPPIA MISCHIEF CINZA L;Bem-estar Animal;0.00;0;0
;VL Cuni Sensitive Complete 1,75kg;Leporídeos - Ração - Seca;0.00;0;0
;Purina Proplan Gastrointestinal Salmão (EN) 10*85g (Caixa);Felídeos - Ração - Húmida;0.00;0;0
;Intint Treats 50g - Chicken;Canídeos - Ração - Seca;0.00;0;0
;Montain Hay (Feno Montanha) - Camomila 500g;Bem-estar Animal;0.00;0;0
;Librela 10mg (10-20kg) - 1ml;Medicamentos;1.00;35;35
;RC Labrador 140g - Saqueta;Canídeos - Ração - Húmida;0.00;0;0
;Trovetplus Cão Renal Oxalato Frango 3Kg;Canídeos - Ração - Seca;0.00;0;0
;Churu Broth Frango 40g (sopa);Felídeos - Ração - Húmida;0.00;0;0
;Fortiflora gato - 1 saqueta;Suplemento;169.00;96,33;96,33
;Tala 30x200mm;Consumíveis;1.00;2,22;2,22
;Fato pós-cirurgia cão Tm03 Macho/Fêmea Dry - Rosa/Verde;Bem-estar Animal;1.00;21,5;21,5
;PEITORAL PUPPIA MISCHIEF CINZA M;Bem-estar Animal;0.00;0;0
;Pexion 100mg - embalagem de 100 comprimidos;Medicamentos;0.00;0;0
;Intint Treats 50g - Beef;Canídeos - Ração - Seca;0.00;0;0
;Cavia Complete Cobaias 500g;Leporídeos - Ração;0.00;0;0
;RC Maxi Ageing 140g - Saqueta;Canídeos - Ração - Húmida;0.00;0;0
;Trovetplus Cão Renal Oxalato Frango 10Kg;Canídeos - Ração - Seca;1.00;28,73;28,73
;Churu Broth Frango c/ Atum 40g (sopa);Felídeos - Ração - Húmida;4.00;3,2;3,2
;Stubbs S-Onco - Embalagem 90g;Suplemento;3.00;61,8;61,8
;Resguardo pequeno *f;Consumíveis;20.00;50,8;50,8
;Tala 40x300mm;Consumíveis;0.00;0;0
;PEITORAL PUPPIA MISCHIEF VERMELHO L;Bem-estar Animal;2.00;29,8;29,8
;Nature Chinchila 700g;Leporídeos - Ração;0.00;0;0
;AD Cat Wet Sterilized Turkey 85g;Felídeos - Ração - Húmida;8.00;0;0
;Nature Snack Frutties 85g;Leporídeos - Ração - Seca;0.00;0;0
;Stubbs S-Onco - Embalagem 180g;Suplemento;0.00;0;0
;Zodon/Clindaseptin solução oral 25mg/ml - frasco;Medicamentos;17.00;0;0
;Tala 50x400mm;Consumíveis;1.00;3,86;3,86
;Viusid Pets 150 ml;Suplemento;0.00;0;0
;PEITORAL PUPPIA MISCHIEF VERMELHO M;Bem-estar Animal;0.00;0;0
;Hamster Crispy 400g;Leporídeos - Ração;0.00;0;0
;Dormazolam (midazolam) - Frasco 20mL;Injectáveis;1.00;12,94;12,94
;Dialix Ut Feline -  30 comprimidos palatáveis;Suplemento;0.00;0;0
;Schesir Gato Atum/Peixe Azul 70g - latinha;Felídeos - Ração - Húmida;0.00;0;0
;Helizyme - detergente enzimático 1000ml;Outros;0.00;0;0
;SP CID-LF Digestive support Low Fat 2Kg;Canídeos - Ração - Seca;0.00;0;0
;Convenia - Frasco *f;Injectáveis;4.00;621,32;621,32
;Fio sutura 0 T (Monosyn) - Caixa;Consumíveis;12.00;531;531
;PEITORAL PUPPIA SOFT CAMUFLADO S;Bem-estar Animal;0.00;0;0
;Câmara de aerossóis de gato / cão pequeno;Consumíveis;0.00;0;0
;Ypozane 1,875mg - embalagem de 7 comprimidos;Medicamentos;0.00;0;0
;Metrovis 100mg - comprimido;Medicamentos;31.00;15,5;15,5
;NAO USAR Noroclav 250 (amoxicilina + ácido clavulânico) - comprimido;Medicamentos;0.00;0;0
;Kong snacks - Small Kong - Chicken liver;Bem-estar Animal;0.00;0;0
;Impromune cão/gato 40 comprimidos;Suplemento;0.00;0;0
;Colar 15 Confort;Consumíveis;8.00;27,04;27,04
;Finilac Solução oral - 3ml;Medicamentos;0.00;0;0
;Metrobactin/Metrovis 750mg - comprimido;Medicamentos;0.00;0;0
;Covinan - Frasco 20ml *f;Injectáveis;0.00;0;0
;Kong snacks - Medium/Long Kong - Chicken and Rice;Bem-estar Animal;0.00;0;0
;Pet Remedy spray 200ml;Bem-estar Animal;0.00;0;0
;Purina Proplan Diabetes Cão (DM) 3Kg;Canídeos - Ração - Seca;0.00;0;0
;Finilac Solução oral - 10ml;Medicamentos;3.00;78,96;78,96
;Dermoscent Atop7 champô 200ml;Bem-estar Animal;0.00;0;0
;Sitalan - Blister 24 comprimidos;Suplemento;0.00;0;0
;Stubbs S-Infla - Blister 15 comprimidos;Suplemento;11.00;49,83;49,83
;Fio sutura 3/0 T (Monosyn) - Caixa;Consumíveis;12.00;480,6;480,6
;Kong snacks - Medium/Long Kong - Chicken liver;Bem-estar Animal;0.00;0;0
;Pet Remedy spray 15ml;Bem-estar Animal;0.00;0;0
;Purina Proplan Obesity Cão (OM) lata 400g;Canídeos - Ração - Húmida;0.00;0;0
;Dermoscent Physio champô 200ml;Bem-estar Animal;0.00;0;0
;VEGGIEDENT FR3SH S (15 Unidades);Bem-estar Animal;3.00;15,06;15,06
;Struv'Less gatos - 30 snacks;Suplemento;0.00;0;0
;Stubbs S-Ansi Plus - caixa 30 comprimidos bilayer;Suplemento;0.00;0;0
;Fio sutura 2/0 (Dafilon);Consumíveis;0.00;0;0
;Dermoscent Essential 6 champô 200ml;Bem-estar Animal;0.00;0;0
;Schesir Gato Frango/Gambas 70g - latinha;Felídeos - Ração - Húmida;8.00;9,52;9,52
;Toalhitas Ferribiella Talco;Bem-estar Animal;1.00;1,81;1,81
;Stubbs S-Cisti - Embalagem 50ml;Suplemento;4.00;40,6;40,6
;AD Cat Sterilized Hairball 10kg;Felídeos - Ração - Seca;2.00;62,88;62,88
;Rede sintética Premilene;Consumíveis;1.00;42,94;42,94
;Dermoscent Pyoclean champô 200ml;Bem-estar Animal;0.00;0;0
;Toalhitas Ferribiella Clorexidina;Bem-estar Animal;0.00;0;0
;Stubbs S-Nutriv - Embalagem 100ml;Suplemento;0.00;0;0
;AD Cat Sterilized Hairball 1,5kg;Felídeos - Ração - Seca;4.00;38,64;38,64
;Toalhitas;Bem-estar Animal;0.00;0;0
;SP Amostra CCD Struvite Management (adult);Canídeos - Ração - Seca;0.00;0;0
;Toalhitas Ferribiella Sensitive Bio;Bem-estar Animal;0.00;0;0
;Fato pós-cirurgia cão Tm16 Macho/Fêmea Dry - Rosa/Verde;Bem-estar Animal;1.00;41,05;41,05
;Medetomidina (Sedator/Dorbene/Sedin) - Frasco 10/20ml *f;Injectáveis;1.00;24,42;24,42
;Actrapid - insulina - ampola;Medicamentos;0.00;0;0
;SP Amostra CED Endocrine Support (adult);Canídeos - Ração - Seca;0.00;0;0
;TOW CÃO ADULTO JAVALI 5,6KG - Southwest Canion;Canídeos - Ração - Seca;0.00;0;0
;SP CID Digestive support 12Kg;Canídeos - Ração - Seca;0.00;0;0
;Simparica TRIO 5-10kg - 1 comprimido;Medicamentos;0.00;0;0
;Toalhitas Ferribiella Herbal;Bem-estar Animal;0.00;0;0
;Quetamina/Ketamina (Nimatek/Imalgene) - Frasco 10ml *f;Injectáveis;5.00;45;45
;Arranhador para gato;Bem-estar Animal;0.00;0;0
;SP Amostra CID Digestive Support (all ages);Canídeos - Ração - Seca;0.00;0;0
;Florentero pasta;Suplemento;0.00;0;0
;TOW Prey Gato Angus 6,8Kg;Felídeos - Ração - Seca;0.00;0;0
;Manipulado Betanecol 4mg/ml - 60ml;Medicamentos;0.00;0;0
;Churu Cat Bites Salmão c/ Atum e Frango - Saqueta (3x10g);Felídeos - Ração - Húmida;6.00;11,22;11,22
;2024 Kong Holiday Cat Kickeroo Rena/Boneco de Neve;Outros;0.00;0;0
;SP Amostra CJD Joint Support (adult);Canídeos - Ração - Seca;0.00;0;0
;Vacina Eurican Piro - Pirodog - babesiose;Medicamentos;0.00;0;0
;Colar 10 confort;Consumíveis;0.00;0;0
;Schesir Gato Hairball Frango 1,5Kg;Felídeos - Ração - Seca;0.00;0;0
;Kimidryl Aqua 250mL;Suplemento;2.00;0;0
;Toalhitas Ferribiella Maçã e Gengibre;Bem-estar Animal;1.00;1,81;1,81
;2024 Kong Holiday Cat Play Spaces Bungalow;Outros;0.00;0;0
;Amanova Adult Exigent All Breeds Iberian Pork 10Kg;Canídeos - Ração - Seca;1.00;38,76;38,76
;Atipamezol (Revazol/Alzane) - Frasco 10ml *f;Injectáveis;1.00;0;0
;SP Amostra CXD-M Adult Medium Breed (adult);Canídeos - Ração - Seca;0.00;0;0
;Toalhitas Ferribiella Olhos;Bem-estar Animal;1.00;0,98;0,98
;2024 Kong Holiday Dog Snuzzles Reindeer M;Outros;0.00;0;0
;Betadine frasco 500ml;Consumíveis;0.00;0;0
;SP Amostra FCD Cristal Management (adult);Felídeos - Ração - Seca;0.00;0;0
;Cefalexina 50mg (Cefabactin / Cephacare) - comprimido;Medicamentos;0.00;0;0
;Protetor solar Dermoscent Sunfree 30ml;Bem-estar Animal;0.00;0;0
;Toalhitas Ferribiella Ouvidos;Bem-estar Animal;2.00;1,96;1,96
;2024 Kong Holiday Dog Snuzzles Mini Gingerbread Brown XS;Outros;0.00;0;0
;Zenrelia 8,5mg - comprimido;Medicamentos;50.00;38,5;38,5
;SP Amostra FDD-HY Food Allergy Management (adult);Felídeos - Ração - Seca;0.00;0;0
;Purina Proplan Hypoallergenic Cão (HA) 11Kg;Canídeos - Ração - Seca;0.00;0;0
;Zenrelia 15mg - comprimido;Medicamentos;36.00;49,32;49,32
;AD Dog Mini Sensitive Salmon and Rice 3kg;Canídeos - Ração - Seca;2.00;25;25
;Trocoxil 20mg - 07-10kg - comprimido;Medicamentos;0.00;0;0
;VL Cuni Junior Nature 2,5kg;Leporídeos - Ração - Seca;0.00;0;0
;Panleucopenia - teste rápido;Análises - Simples;0.00;0;0
;SP Amostra FID Digestive Support (all ages);Felídeos - Ração - Seca;0.00;0;0
;Lypex - Caixa;Suplemento;0.00;0;0
;Algália para cão 2.0;Consumíveis;4.00;15,88;15,88
;AD Dog French Bulldog 7,5kg;Canídeos - Ração - Seca;0.00;0;0
;VL Cuni Nature 2,5kg;Leporídeos - Ração - Seca;0.00;0;0
;SP Amostra FKD Kidney Support (adult);Felídeos - Ração - Seca;0.00;0;0
;WeJoint Plus R. Pequenas - caixa de 30 comprimidos;Suplemento;1.00;11,2;11,2
;Fentanilo sistema transdérmico 12,5mcg/h;Medicamentos;0.00;0;0
;Toalhitas Inodorina Muschio 40un;Bem-estar Animal;0.00;0;0
;Evexia Plus 40ml;Suplemento;5.00;111,15;111,15
;Manipulado Nitrofurantoína 15mg - Embalagem de 45 cápsulas;Medicamentos;0.00;0;0
;Duotic Gel - Tubo Gel;Medicamentos;7.00;56,14;56,14
;Algália para cão 2.6;Consumíveis;5.00;19,85;19,85
;AD Cat Sterilized Senior (10 years) 1,5kg;Felídeos - Ração - Seca;1.00;9,66;9,66
;VL Cuni Nature Re-Balance 2,5kg;Leporídeos - Ração - Seca;0.00;0;0
;SP Amostra FPD Kitten (kitten);Felídeos - Ração - Seca;0.00;0;0
;AD Cat Kitten Chicken and Rice 10Kg;Felídeos - Ração - Seca;1.00;34,68;34,68
;Tampa de cateter c/rosca;Consumíveis;84.00;4,2;4,2
;Libra Cão Adulto Cordeiro 14Kg;Canídeos - Ração - Seca;0.00;0;0
;Algália para gato 1.0;Consumíveis;11.00;0;0
;RC Cat Renal - 4.0kg;Felídeos - Ração - Seca;1.00;5,01;5,01
;VL Cuni Adult Complete 1,75Kg;Leporídeos - Ração - Seca;0.00;0;0
;SP Amostra FSD Struvite Dissolution (adult);Felídeos - Ração - Seca;0.00;0;0
;Schesir Gato Frango/Abóbora 85g - Sopa;Felídeos - Ração - Húmida;1.00;0,59;0,59
;Cortotic - Spray auricular 16ml;Medicamentos;0.00;0;0
;SP Amostra FRD Weight Reduction (all ages);Felídeos - Ração - Seca;0.00;0;0
;Marbogen - embalagem;Medicamentos;0.00;0;0
;Ipakitine cão 180g;Suplemento;0.00;0;0
;Formol 10% - 10L;Consumíveis;1.00;13,41;13,41
;Milprazon/Milpro/Milbactor PALATÁVEL gato;Felídeos - Desp.interno;0.00;0;0
;Applaws Cat Chicken and Pumpkin 70g;Felídeos - Ração - Húmida;0.00;0;0
;Drontal puppy - suspensão oral - 50ml *f;Medicamentos;0.00;0;0
;SP Amostra FXD Adult (adult);Felídeos - Ração - Seca;0.00;0;0
;Applaws Cat Adult Chicken and Salmon 2kg;Felídeos - Ração - Seca;0.00;0;0
;SP Amostra FGD Sénior (Sénior);Felídeos - Ração - Seca;0.00;0;0
;AD Dog Mini Adult Chicken and Rice 1.5kg;Canídeos - Ração - Seca;0.00;0;0
;Ataxxa 2000/400mg Cão 25-40Kg - pipeta;Canídeos - Desp.externo - Pipeta;18.00;64,98;64,98
;Cardisure 5mg / Pimosure 5mg - blister 10 comprimidos;Medicamentos;35.00;124,6;124,6
;Applaws Cat Tuna and Seabream 70g;Felídeos - Ração - Húmida;0.00;0;0
;Veraflox - suspensão 15ml (oral gato);Medicamentos;0.00;0;0
;SP Amostra FND Neutered Young (young);Felídeos - Ração - Seca;0.00;0;0
;Schesir NS Kitten Peru 1,4Kg;Felídeos - Ração - Seca;0.00;0;0
;SP C-BIO-W Organic Diet with Fish 150g;Canídeos - Ração - Húmida;0.00;0;0
;Purina Proplan Gastrointestinal Cão (EN) 1.5Kg;Canídeos - Ração - Seca;0.00;0;0
;Applaws Cat Tuna and Pacific Prawn 70g;Felídeos - Ração - Húmida;0.00;0;0
;Profender cão até 10kg - comprimido;Canídeos - Desp.interno - Comprimido s/ prev.dirofilariose;0.00;0;0
;SP Amostra FJD Joint Support (adult);Felídeos - Ração - Seca;0.00;0;0
;Areia Sanicat Clumping Sabão Marsella 16l;Bem-estar Animal;0.00;0;0
;SP F-BIO-W Organic Diet with Fish 100gr;Felídeos - Ração - Húmida;0.00;0;0
;Actea Oral Gel 15ml;Medicamentos;0.00;0;0
;Diazepam 5mg/ml 10 ml *f;Injectáveis;1.00;10,01;10,01
;Purina Proplan Hypoallergenic Gato (HA) 1.5Kg;Felídeos - Ração - Seca;0.00;0;0
;Applaws Cat Chicken and Beef 70g;Felídeos - Ração - Húmida;0.00;0;0
;Profender cão até 03kg - comprimido;Canídeos - Desp.interno - Comprimido s/ prev.dirofilariose;0.00;0;0
;SP F-BIO-D Organic Diet Adult Cats 2Kg;Felídeos - Ração - Seca;0.00;0;0
;GimCat Malt Tabs - embalagem;Suplemento;0.00;0;0
;Metoclopramida - ampola *f;Injectáveis;6.00;2,22;2,22
;Tramadol - Embalagem *f;Injectáveis;0.00;0;0
;Profender cão até 30kg - comprimido;Canídeos - Desp.interno - Comprimido s/ prev.dirofilariose;0.00;0;0
;SP Amostra CKD Heart and Kidney Support (adult);Canideos e Felídeos - Ração - Seca;0.00;0;0
;SP C-BIO-D Organic Diet Adult Dogs 4Kg;Canídeos - Ração - Seca;0.00;0;0
;Purina Proplan Renal (NF) lata 195g;Felídeos - Ração - Húmida;13.00;23,01;23,01
;Fio sutura 5/0 (Dafilon);Consumíveis;0.00;0;0
;SP Amostra CGD-M Sénior Medium Breed (sénior);Canideos e Felídeos - Ração - Seca;0.00;0;0
;Bravecto gato Plus (6,25-12,5Kg);Felídeos - Desp.interno e externo - Pipeta;7.00;177,87;177,87
;SP FT-BIO Organic Treats 50g;Felídeos - Ração - Seca;0.00;0;0
;Vetoryl 30mg - embalagem de 30 cápsulas;Medicamentos;0.00;0;0
;Churu Broth Frango c/ Salmão 40g (sopa);Felídeos - Ração - Húmida;0.00;0;0
;Passaporte;Bem-estar Animal;6.00;39,9;39,9
;SP Amostra CRD-1 Weight Reduction (all ages);Canídeos - Ração - Seca;0.00;0;0
;Cortavance Spray 76ml;Medicamentos;0.00;0;0
;Fato pós-cirurgia gato Tm03 Dry Macho/Fêmea - Rosa;Bem-estar Animal;2.00;47,56;47,56
;RC Dog Gastro Intestinal Low fat - 12kg;Canídeos - Ração - Seca;0.00;0;0
;NÃO USAR Vacina Feligen RCP / Versifell CVR;Medicamentos;0.00;0;0
;SP CT-BIO Organic Treats 100g;Canídeos - Ração - Seca;0.00;0;0
;Amanova Gato Atum e Vaca - lata 70g;Felídeos - Ração - Húmida;7.00;6,02;6,02
;SP CKD Heart and Kidney Support 7Kg;Canídeos - Ração - Seca;0.00;0;0
;Fio sutura 3/0 (Silkam);Consumíveis;0.00;0;0
;SP Amostra COD-HY Allergy Management Plus (all ages);Canídeos - Ração - Seca;0.00;0;0
;Areia Sanicat Aglomerante Naturale 10l - NAO EXISTE;Bem-estar Animal;0.00;0;0
;Areia Extreme Classic Baby Powder 7Kg;Bem-estar Animal;0.00;0;0
;Purina Proplan Renal Gato (NF AC) 1.5Kg;Felídeos - Ração - Seca;0.00;0;0
;HPM Senior Neutered Cat 1,5kg;Felídeos - Ração - Seca;0.00;0;0
;Churu Dog Rolls Frango (8x96g);Canídeos - Ração - Húmida;4.00;16,64;16,64
;Fio sutura 5/0 (Silkam);Consumíveis;0.00;0;0
;SP Amostra CDD Food Allergy Management (adult);Canideos e Felídeos - Ração - Seca;0.00;0;0
;Areia Sanicat Aglomerante Bentonite Bianca 5l - NAO EXISTE;Bem-estar Animal;0.00;0;0
;Cytopoint Cão 20mg - Caixa;Injectáveis;1.00;97,11;97,11
;Schesir NS Cão Small Carne 490g;Canídeos - Ração - Seca;0.00;0;0
;Schesir Cão Frango/Presunto 150g - latinha;Canídeos - Ração - Húmida;0.00;0;0
;RC Cat Mature Consult 3,5Kg;Felídeos - Ração - Seca;0.00;0;0
;HPM KJ2 Cat Kidney & Joint 1.5kg;Felídeos - Ração - Seca;0.00;0;0
;Churu Vet Cão - Saqueta 14g;Canídeos - Ração - Húmida;46.00;0;0
;Vetoryl 5mg - embalagem de 30 cápsulas;Medicamentos;0.00;0;0
;Fio sutura 3/0 (Surgicryl);Consumíveis;0.00;0;0
;Areia Sanicat Aglomerante Rose d'Oriente 5l - NAO EXISTE;Bem-estar Animal;0.00;0;0
;SP CRD-1 Weight Reduction 12Kg;Canídeos - Ração - Seca;0.00;0;0
;Schesir Cão Atum 150g - Latinha;Canídeos - Ração - Húmida;0.00;0;0
;SP F/C-IN-L Lata intensive support - comida líquida 395g;Canideos e Felídeos - Ração - Húmida;0.00;0;0
;RC Dog Gastrointestinal Puppy lata 195g;Canídeos - Ração - Húmida;3.00;4,68;4,68
;Purina Proplan Hypoallergenic Cão (HA) lata 400g;Canídeos - Ração - Húmida;0.00;0;0
;Zilkene 450mg - 1 cápsula;Suplemento;0.00;0;0
;Fio sutura 5/0 (Safil);Consumíveis;0.00;0;0
;Areia Sanicat Active Sabão Marselha 10l - NOVA;Bem-estar Animal;21.00;105,21;105,21
;RC Cat Urinary S/O - 3.5kg;Felídeos - Ração - Seca;0.00;0;0
;SP CIW DIGESTIVE SUPPORT 100 GR;Canídeos - Ração - Húmida;1.00;0,74;0,74
;Purina Proplan Neurocare Cão (NC) 3Kg;Canídeos - Ração - Seca;0.00;0;0
;Schesir Gato Sterilized Peixe 1,5Kg;Felídeos - Ração - Seca;1.00;5,91;5,91
;Catéter 24G (amarelo) *f - Caixa;Consumíveis;11.00;251,57;251,57
;Água oxigenada 10Vol frasco 250ml;Consumíveis;84.00;37,8;37,8
;Areia Sanicat Aglomerante Baunilha e Tangerina 10l - NOVA;Bem-estar Animal;15.00;125,25;125,25
;Phenoleptil 25mg - Caixa;Medicamentos;1.00;13,45;13,45
;Kimiderm Active Champô 200ml;Suplemento;0.00;0;0
;Colocação de microchip THERMOCHIP MINI (inclui microchip e registo);Tratamentos;31.00;117,49;117,49
;Schesir Gato Sterilized Presunto 1,5Kg;Felídeos - Ração - Seca;1.00;5,91;5,91
;Areia Sanicat Classic Fragrance Free 16Lt;Bem-estar Animal;6.00;31,08;31,08
;Tampas em borracha para seringas - Caixa 100 unidades;Consumíveis;18.00;120,06;120,06
;Catéter 22G (azul) *f - Caixa;Consumíveis;5.00;200;200
;Coleira Adaptil S-M 46,5cm;Bem-estar Animal;0.00;0;0
;SP FRD Weight Redution 0,9kg - não existe;Felídeos - Ração - Seca;0.00;0;0
;TOW CÃO PUPPY BISONTE 5,6KG - H. Prairie;Canídeos - Ração - Seca;0.00;0;0
;Colar 20 confort;Consumíveis;4.00;22,76;22,76
;Catéter 20G (rosa) *f - Caixa;Consumíveis;3.00;0;0
;Banacep / Benakor / Cardinefril 20mg - blister de 14 comprimidos;Medicamentos;7.00;64,33;64,33
;Tad Calci 50 - Injectável 500ml;Animais de produção - Medicamentos;0.00;0;0
;Glutamax Forte - blister com 10 comprimidos;Suplemento;0.00;0;0
;TOW CÃO ADULTO BISONTE 2KG - H. Prairie;Canídeos - Ração - Seca;0.00;0;0
;Onsior 40mg - um comprimido;Medicamentos;0.00;0;0
;Churu Dog Rolls Frango c/Salmão (8x96g);Canídeos - Ração - Húmida;7.00;29,12;29,12
;Sistema de soro sem regulador - embalagem *f;Consumíveis;10.00;45;45
;Glutamax Forte - caixa com 10 blisters *c;Suplemento;0.00;0;0
;AD Dog Sensitive Lamb and Rice 3kg;Canídeos - Ração - Seca;0.00;0;0
;RC Cat Kitten (gravy) - Saqueta 85g;Felídeos - Ração - Húmida;0.00;0;0
;Churu Kitten Atum - Saqueta (4x14g);Felídeos - Ração - Húmida;0.00;0;0
;Torneira 3 vias;Consumíveis;43.00;22,79;22,79
;Applaws Cat Kitten Chicken 2kg;Felídeos - Ração - Seca;0.00;0;0
;Florentero - blister de 10 comprimidos;Suplemento;0.00;0;0
;AD Cat Urinary Sterilized Low Calorie 1.25kg;Felídeos - Ração - Seca;1.00;10,8;10,8
;Renal P - embalagem 70g;Suplemento;0.00;0;0
;Dermoscent Atop7 0-10kg - 1 pipeta;Suplemento;0.00;0;0
;RC Dog Diabetic 1,5Kg;Canídeos - Ração - Seca;0.00;0;0
;Churu Kitten Frango - Saqueta (4x14g);Felídeos - Ração - Húmida;0.00;0;0
;AD Dog Mini Sensitive Salmon and Rice 7kg;Canideos e Felídeos - Ração - Seca;0.00;0;0
;Clavaseptin / Penamox / Cylanic 62,5 (amoxicilina + ácido clavulânico) - comprimido;Medicamentos;366.00;65,88;65,88
;Nutri-plus gel 120,5g;Suplemento;0.00;0;0
;Schesir Gato Atum/Pescada 85g - latinha;Felídeos - Ração - Húmida;0.00;0;0
;Dermoscent Atop7 10-20kg - 1 pipeta;Suplemento;0.00;0;0
;RC Cat Renal Select 2Kg;Felídeos - Ração - Seca;0.00;0;0
;Vacina leishmaniose LETIFEND;Canídeos - Vacinas;6.00;229,98;229,98
;Ursofalk 250mg - Blister 10 cápsulas;Medicamentos;13.00;39,65;39,65
;Dermoscent Atop7 20-40kg - 1 pipeta;Suplemento;0.00;0;0
;Kong Dynos Roars Blue M/L;Outros;1.00;8,55;8,55
;RC Mini Puppy 4kg;Canídeos - Ração - Seca;0.00;0;0
;Marcador Raidex - azul;Animais de produção - Consumíveis;0.00;0;0
;Flexadin - 1 comprimido;Suplemento;0.00;0;0
;Toalhitas Inodorina Citronella 40un;Bem-estar Animal;0.00;0;0
;Canitroid palatável 200ug - caixa de 250cp;Medicamentos;0.00;0;0
;Effitix XS (1,5-4kg) - pipeta;Canídeos e Felídeos - Desp.externo;0.00;0;0
;Apelka 5mg/ml 30mL - Embalagem;Medicamentos;0.00;0;0
;Kong Scrunch Knots Racoon;Outros;0.00;0;0
;Marcador Raidex - vermelho;Animais de produção - Consumíveis;0.00;0;0
;Kong Easy Treat - Pasta Liver;Bem-estar Animal;0.00;0;0
;Advantage 40 gato - pipeta;Felídeos - Desp.externo;0.00;0;0
;RC Cat Urinary S/O - Saqueta 85g (Morsels in gravy);Felídeos - Ração - Húmida;20.00;19;19
;Purina Proplan Obesity (OM) 85g - Saqueta;Felídeos - Ração - Húmida;0.00;0;0
;Effitix S (4-10kg) - pipeta;Canídeos - Desp.externo - Pipeta;0.00;0;0
;RC Cat Diabetic 1,5kg;Felídeos - Ração - Seca;0.00;0;0
;RC Dog Gastro Intestinal Low Fat - 3,5Kg;Canídeos - Ração - Seca;0.00;0;0
;Bioquimica - Perfil Painel completo;Análises - Pack ;17.00;266,22;266,22
;Calimicina 250ml;Animais de produção - Medicamentos;0.00;0;0
;Omnicutis Gel - 1 embalagem 200ml;Suplemento;0.00;0;0
;Cardisure 10mg / Pimosure 10mg - CAIXA;Medicamentos;4.00;265,04;265,04
;Effitix M (10-20kg) - pipeta;Canídeos - Desp.externo;0.00;0;0
;Librela 15mg (20-30kg) - 1ml;Medicamentos;11.00;454,63;454,63
;Josera Cão Renal 10Kg;Canídeos - Ração - Seca;0.00;0;0
;Agulha 21G - verde *f (animais produção);Animais de produção - Consumíveis;0.00;0;0
;SP FRD Weight Redution 6Kg;Felídeos - Ração - Seca;0.00;0;0
;Apoquel 05,4mg - comprimido;Medicamentos;0.00;0;0
;Schesir Gato Atum/Papaia 85g - Sopa;Felídeos - Ração - Húmida;0.00;0;0
;Effitix L (20-40kg) - pipeta;Canídeos - Desp.externo;0.00;0;0
;Duphafral multi inj 100ml;Animais de produção - Medicamentos;0.00;0;0
;Impromune - 1 comprimido;Suplemento;0.00;0;0
;AD Dog Atopic Truta 3Kg;Canídeos - Ração - Seca;1.00;18,19;18,19
;Schesir NS Cão Small Peru 490g;Canídeos - Ração - Seca;0.00;0;0
;Effitix XL (+40kg) - pipeta;Canídeos - Desp.externo;0.00;0;0
;HPM Adult Neutered Dog Large & Medium 12Kg;Canídeos - Ração - Seca;1.00;43,94;43,94
;Engemicina spray 200ml;Animais de produção - Medicamentos;0.00;0;0
;Hemosilate - 1 ampola;Injectáveis;5.00;53,25;53,25
;Mitex - embalagem de 20ml;Medicamentos;0.00;0;0
;AD Cat Gastroenteric Sensitive 7,5kg;Felídeos - Ração - Seca;2.00;86,4;86,4
;Bupivacaina - ampola *f;Injectáveis;0.00;0;0
;Facilpart 10ul/ml inj 250ml;Animais de produção - Medicamentos;0.00;0;0
;TOW GATO VEADO 6,6KG - Rocky Mountain Feline;Felídeos - Ração - Seca;0.00;0;0
;RC Cat Renal Select - 400g;Canídeos - Ração - Seca;0.00;0;0
;Coletor de urina para Cães;Bem-estar Animal;11.00;18,04;18,04
;Buprenorfina (Bupaq/Buprenodale) - 10ml *f;Injectáveis;8.00;94,24;94,24
;Seponver plus 5lt;Animais de produção - Medicamentos;0.00;0;0
;Leisguard Pack 2 embalagens;Medicamentos;0.00;0;0
;RC Recovery Liquid 200ml;Canideos e Felídeos - Ração - Húmida;0.00;0;0
;RC Cat Multifunction Renal&Hipo - 2kg;Felídeos - Ração - Seca;0.00;0;0
;Schesir Gato Arroz/Atum/Sardinha 85g - latinha;Felídeos - Ração - Húmida;13.00;15,6;15,6
;Ataxxa 200/40mg Cão menos de 4kg - pipeta;Canídeos - Desp.externo - Pipeta;13.00;48,75;48,75
;Alsir solução oral 150ml;Animais de produção - Medicamentos;0.00;0;0
;Alfaxan - frasco 10ml  *f;Medicamentos;0.00;0;0
;SP FDD-HY Food Allergy Management  HY* 2 KG;Felídeos - Ração - Seca;0.00;0;0
;Cutania Champô Glycoat 355ml;Bem-estar Animal;0.00;0;0
;Manipulado Telmisartan - 90 cápsulas;Medicamentos;0.00;0;0
;Schesir Gato Atum/Salmonete 85g - latinha;Felídeos - Ração - Húmida;1.00;1,2;1,2
;Kruuse Heparin Cap;Bem-estar Animal;100.00;21;21
;Amanova Puppy Medium Frango&Quinoa 2Kg;Canídeos - Ração - Seca;0.00;0;0
;Milteforam 20mg/ml - Solução oral 30ml;Medicamentos;0.00;0;0
;Diazepam - 2 ml *f;Injectáveis;47.00;60,16;60,16
;Ranitidina 150mg - comprimido;Medicamentos;0.00;0;0
;Applaws Cat Adult Chicken 2kg;Felídeos - Ração - Seca;0.00;0;0
;Comfortis 180mg (2,9-3,6kg) - comprimido;Canídeos e Felídeos - Desp.externo - Comprimido;0.00;0;0
;Instinct Cat No Grain Adult Chicken Paté 70gr;Felídeos - Ração - Húmida;0.00;0;0
;Schesir Gato Frango/Bovino/Manga/Feijão verde 85g - latinha;Felídeos - Ração - Húmida;1.00;1,2;1,2
;2024 Kong Holiday Dog Comfort Hedgehug Natal;Outros;0.00;0;0
;Firodyl (firocoxib) 250mg - comprimido;Medicamentos;31.00;37,51;37,51
;Milteforam 20mg/ml - Solução oral 90ml;Medicamentos;0.00;0;0
;TOW CÃO LATA SALMÃO;Canídeos - Ração - Húmida;0.00;0;0
;Comfortis 140mg (1,9-2,8kg) - comprimido;Canídeos e Felídeos - Desp.externo - Comprimido;0.00;0;0
;2024 Kong Holiday Dog Wildknots Bear M/L Natal;Outros;0.00;0;0
;Apovomin (apomorfina) - Frasco 5ml *f;Medicamentos;1.00;24,83;24,83
;Midazolam - 3ml/10ml *f;Injectáveis;0.00;0;0
;Omeprazol 10mg - cápsula;Medicamentos;15.00;1,2;1,2
;TOW CÃO LATA VACA;Canídeos - Ração - Húmida;0.00;0;0
;Instinct Cat No Grain Adult Beef Paté 70gr;Felídeos - Ração - Húmida;0.00;0;0
;Dermoscent Pyoclean 20 toalhitas;Bem-estar Animal;0.00;0;0
;Palladia 50mg - embalagem de 20 comprimidos;Medicamentos;0.00;0;0
;Trilotab 30mg - Caixa 30 comprimidos;Medicamentos;0.00;0;0
;Agribon - Pó soluvel oral - 100gr;Animais de produção - Medicamentos;0.00;0;0
;Instinct Cat No Grain Adult Salmon Paté 70gr;Felídeos - Ração - Húmida;0.00;0;0
;Phovia - boião de gel;Tratamentos;4.00;71,16;71,16
;HPM A1 Dog Hypoallergy Insecto 12Kg;Canídeos - Ração - Seca;1.00;80,69;80,69
;Amanova Adult Exigent All Breeds Venison Supreme 10Kg;Canídeos - Ração - Seca;1.00;41,25;41,25
;WeJoint Plus R. Grandes - caixa de 30 comprimidos;Suplemento;4.00;62,28;62,28
;Instinct Cat No Grain Adult Fish Paté 70gr;Felídeos - Ração - Húmida;0.00;0;0
;RC Cat Diabetic 3,5kg;Felídeos - Ração - Seca;0.00;0;0
;Omnimatrix Septifree Spray 50ml;Tratamentos;4.00;40,36;40,36
;Fato pós-cirurgia gato Tm04 Dry Macho/Fêmea - Rosa;Bem-estar Animal;4.00;95,4;95,4
;Oflex 3mg/ml - colírio 10ml;Medicamentos;7.00;32,41;32,41
;Schesir NS Cão Small Atum 490g;Canídeos - Ração;0.00;0;0
;RC Cat Early Renal 3.5Kg;Felídeos - Ração - Seca;0.00;0;0
;Propofol - 20ml *f;Injectáveis;0.00;0;0
;Fato pós-cirurgia cão Tm01 Macho/Fêmea Dry - Rosa/verde;Bem-estar Animal;1.00;20,25;20,25
;Crotax 10mg/g - pomada 5g;Medicamentos;0.00;0;0
;AD Cat Urinary 8kg;Felídeos - Ração - Seca;0.00;0;0
;RC Cat Early Renal 85g;Felídeos - Ração - Húmida;2.00;1,86;1,86
;Fato pós-cirurgia cão Tm04 Macho/Fêmea Dry - Rosa/Verde;Bem-estar Animal;1.00;21,8;21,8
;Oflex 3mg/ml - gel oftálmico 10ml;Medicamentos;22.00;126,5;126,5
;Plaque-Off Classic Gato 40g - Embalagem;Suplemento;1.00;9,6;9,6
;SP CPD-S PUPPY SMALL BREED 4 KG;Canídeos - Ração - Seca;0.00;0;0
;RC Cat Diabetic 85g - saqueta;Felídeos - Ração - Húmida;0.00;0;0
;Algália para cão 1.6;Consumíveis;5.00;19,85;19,85
;Atopica 100mg (15-55Kg) - Caixa 60 cápsulas;Medicamentos;0.00;0;0
;Fato pós-cirurgia cão Tm06 Macho/Fêmea Dry - Rosa/Verde;Bem-estar Animal;3.00;69,15;69,15
;Crotax 8mg/ml - colírio 5ml;Medicamentos;10.00;46,1;46,1
;Schesir NS Cão Small Peru 2.24Kg;Canídeos - Ração - Seca;0.00;0;0
;Algália para gato 1.3 (c/ estilete);Consumíveis;14.00;0;0
;Neorecormon 3000UI (Eritropoietina) - 1 ampolas;Medicamentos;0.00;0;0
;Solu-medrol 40mg/1ml - 1 ampola *f;Injectáveis;4.00;7,88;7,88
;Fio sutura 2/0 T (Premilene/Optilene);Consumíveis;1.00;0;0
;TOW CÃO PUPPY BISONTE 12.2KG - H. Prairie;Canídeos - Ração - Seca;0.00;0;0
;Klearotic - frasco 118ml;Suplemento;0.00;0;0
;Corpet - embalagem de 90 comprimidos;Suplemento;0.00;0;0
;Schesir Carnivore Gato Frango/Arenque 1.25Kg;Felídeos - Ração - Seca;1.00;14,65;14,65
;Fato Pós-Cirurgia cão Tm08 Macho/Fêmea Dry - Verde/Rosa;Bem-estar Animal;4.00;98,4;98,4
;Tralieve 20 (tramadol) - comprimido;Medicamentos;66.00;27,06;27,06
;Fato pós-cirurgia cão Tm15 Macho Dry - Azul;Bem-estar Animal;2.00;74,6;74,6
;Schesir Gato Grill - Lata 70g;Felídeos - Ração - Húmida;0.00;0;0
;Numelvi 21,6mg - blister de 30 comprimidos;Medicamentos;0.00;0;0
;Tralieve 80 (tramadol) - comprimido;Medicamentos;45.00;26,55;26,55
;Credelio gato 2-8kg 48mg - comprimido;Felídeos - Desp.externo - Comprimido;71.00;428,13;428,13
;AD Cat  Adult Chicken and Rice 1,5kg;Felídeos - Ração - Seca;1.00;7,95;7,95
;K For Cat - 60 Capsulas;Medicamentos;2.00;33,98;33,98
;Zenrelia 6,4mg - comprimido;Medicamentos;0.00;0;0
;Butomidor / Dolorex (butorfanol) - 0,1ml *f;Injectáveis;1.00;67,1;67,1
;Fato pós-cirurgia cão Tm12 Macho/Fêmea Dry - Rosa / Verde;Bem-estar Animal;2.00;64,36;64,36
;Selehold 2,6-7,5kg - 1 pipeta;Felídeos - Desp.externo - Pipeta;12.00;61,68;61,68
;Weskin - Limpeza auricular 100ml;Tratamentos;0.00;0;0
;Manipulado Omeprazol 5mg - 90 cápsulas;Medicamentos;0.00;0;0
;Imizol - ml *f;Injectáveis;0.00;0;0
;Advocate Cão - 0,4ml - (0-4kg) - pipeta;Canídeos - Desp.externo - Pipeta;0.00;0;0
;Sabão Liquido para dosificador mural (cirurgia);Consumíveis;0.00;0;0
;Fato Pós-Cirurgia Cão Tm13 Macho/Fêmea Dry - Rosa/Verde;Bem-estar Animal;3.00;0;0
;WeJoint Plus Pasta 30ml;Suplemento;0.00;0;0
;Kong - Low stuff - binquedo cão ovelha branca;Outros;0.00;0;0
;WeJoint Plus BISCOITOS R. Pequenas - caixa 30 unidades;Suplemento;34.00;268,94;268,94
;Manipulado Clopidogrel 18,75mg - 90 cápsulas;Medicamentos;0.00;0;0
;Advocate Cão - 0,4ml - (0-4kg) - caixa *c;Canídeos - Desp.externo - Pipeta;0.00;0;0
;Fio sutura 3/0 (Dafilon);Consumíveis;0.00;0;0
;Fato pós-cirurgia cão Tm00 Macho Dry - Azul;Bem-estar Animal;1.00;11,44;11,44
;Kong - confort - binquedo leão;Outros;0.00;0;0
;AD Cat Wet Kitten Chicken 85g;Felídeos - Ração - Húmida;0.00;0;0
;Seringa 10ml *f - Caixa;Consumíveis;7.00;80,29;80,29
;Advocate Gato - 0,8ml - (+4kg) - pipeta;Felídeos - Desp.externo - Pipeta;0.00;0;0
;Nexgard (02-04kg) - 11mg;Canídeos - Desp.externo - Comprimido s/ prev.dirofilariose;0.00;0;0
;SP FRW WEIGHT REDUCTION 100 GR;Felídeos - Ração - Húmida;4.00;3,76;3,76
;Fato pós-cirurgia cão Tm05 Macho Dry - Azul;Bem-estar Animal;1.00;21,95;21,95
;Tris-Nac (EDTA + Acetilcisteína) - 5ml;Medicamentos;0.00;0;0
;Schesir Kit Kitten Care;Felídeos - Ração - Húmida;2.00;19,98;19,98
;Seringa 5ml *f - Caixa;Consumíveis;10.00;60,6;60,6
;Flexadine Advance 60 comprimidos;Medicamentos;0.00;0;0
;Colocação de microchip PETITE (inclui microchip e registo);Consultas;48.00;118,08;118,08
;Fato Pós-Cirurgia cão Tm08 Macho Dry - Azul;Bem-estar Animal;1.00;24,6;24,6
;Purina Proplan Convalescence (CN) lata 195g;Canideos e Felídeos - Ração - Húmida;11.00;19,47;19,47
;Nutribird P15 Manutenção Papagaios 1kg;Outros;0.00;0;0
;Vacina Eravac;Injectáveis;10.00;55,3;55,3
;Schesir Cão Atum/Cenoura 285g - lata;Canídeos - Ração - Húmida;7.00;18,76;18,76
;Ownat Cat Hypoallergenic 3kg;Felídeos - Ração - Seca;1.00;15,11;15,11
;Churu Cat Meal Topper - Saqueta (4x14g);Felídeos - Ração - Húmida;31.00;0;0
;Seringa 2ml *f - Caixa;Consumíveis;17.00;83,98;83,98
;Nexgard (04-10kg) - 28mg;Canídeos - Desp.externo - Comprimido s/ prev.dirofilariose;0.00;0;0
;RC Cat Urinary S/O - Lata 195g;Felídeos - Ração - Húmida;0.00;0;0
;TOW CÃO ADULTO JAVALI 2KG - Southwest Canion;Canídeos - Ração - Seca;0.00;0;0
;Fato pós-cirurgia cão Tm13 Macho Dry - Azul;Bem-estar Animal;2.00;38,52;38,52
;Purina Proplan Obesity (OM) 10*85g (Caixa);Felídeos - Ração - Húmida;0.00;0;0
;RC Cat Satiety weight management - 1,5kg;Felídeos - Ração - Seca;0.00;0;0
;Hamster & Gerbil Complete 2kg;Outros;0.00;0;0
;AD Dog Medium Light Chicken and Rice 12Kg;Canídeos - Ração - Seca;0.00;0;0
;Schesir Gato Frango/Ananás/Cenoura 85g - latinha;Felídeos - Ração - Húmida;4.00;4,8;4,8
;Ownat Dog Autor - Fresh Duck/Chicken 3kg;Canídeos - Ração - Seca;0.00;0;0
;Snacks Dibaq Sense 100g;Canideos e Felídeos - Ração - Seca;41.00;43,46;43,46
;Seringa 1ml *f - Caixa;Consumíveis;9.00;44,46;44,46
;AD Dog Low Purine Leishmaniasis 12Kg;Canídeos - Ração - Seca;0.00;0;0
;Nexgard (10-25kg) - 68mg;Canídeos - Desp.externo - Comprimido s/ prev.dirofilariose;0.00;0;0
;SP CCD Struvite Management 12kg;Canídeos - Ração - Seca;0.00;0;0
;Fato pós-cirurgia cão Tm14 Macho Dry - Azul;Bem-estar Animal;2.00;42,06;42,06
;Applaws Cat Kitten Chicken 7,5kg;Felídeos - Ração - Seca;0.00;0;0
;Barrita Hamster & Gerbos Mel 2 un;Outros;0.00;0;0
;Caninsulin Vetpen (10x2.7ml) - Caixa;Injectáveis;0.00;0;0
;Purina Proplan Gastrointestinal Cão (EN) lata 400g;Canídeos - Ração - Húmida;0.00;0;0
;Amanova Gato Atum e Peixe Branco - lata 70g;Felídeos - Ração - Húmida;23.00;19,78;19,78
;Nexgard (25-50kg) - 136mg;Canídeos - Desp.externo - Comprimido s/ prev.dirofilariose;0.00;0;0
;Tobrex - colírio - 5ml;Medicamentos;0.00;0;0
;RC Cat Renal lata 195g;Felídeos - Ração - Húmida;0.00;0;0
;Barrita Gerbos Girassol & Mel 2 un;Outros;0.00;0;0
;Omeprazol 5mg/ml - Suspensão oral 100ml;Medicamentos;0.00;0;0
;WeSkin Calm Spot 50ml;Suplemento;2.00;14,94;14,94
;Mastidina - Pomada 250g;Animais de produção - Medicamentos;0.00;0;0
;Lesperim Lespedeza 50mg - embalagem;Suplemento;1.00;9,75;9,75
;Pack Barritas Omníveros 3 Variedades 165g;Outros;0.00;0;0
;RC Dog Hypoallergenic - Lata 200g;Canídeos - Ração - Húmida;10.00;16,2;16,2
;Antigo Exagon - 100ml f* - não utilizar;Injectáveis;0.00;0;0
;RC Cat Renal (Chicken) 85g;Felídeos - Ração - Húmida;9.00;6,93;6,93
;Webiotic - Blister de 10 comprimidos;Suplemento;41.00;145,55;145,55
;AD Dog Atopic Mini 1,5Kg;Canídeos - Ração - Seca;0.00;0;0
;RC Cat Gastro Intestinal 4KG;Felídeos - Ração - Seca;0.00;0;0
;Banacep / Benakor / Benadil 5mg - blister de 14 comprimidos;Medicamentos;34.00;146,2;146,2
;RC Cat Renal (Fish) 85g;Felídeos - Ração - Húmida;19.00;14,63;14,63
;Areia Sanicat Active White Fragrance Free 10l;Bem-estar Animal;0.00;0;0
;Palladia 15mg - embalagem de 20 comprimidos;Medicamentos;0.00;0;0
;RC Cat Ageing +11Anos Sterilised 2Kg;Felídeos - Ração - Seca;0.00;0;0
;RC Cat Ageing +11 4kg;Felídeos - Ração - Seca;0.00;0;0
;Applaws Cat Tuna in Jelly 70g;Felídeos - Ração - Húmida;0.00;0;0
;SP FOD-HY Allergy Management Plus HY* 0,4 KG;Felídeos - Ração - Seca;0.00;0;0
;RC Cat Renal (Beef) 85g;Felídeos - Ração - Húmida;24.00;18,48;18,48
;Areia Sanicat Strong Clumps Baby Powder 6l;Bem-estar Animal;0.00;0;0
;Wefiber - embalagem de 225mg;Suplemento;4.00;51,4;51,4
;Abelia Ceruotic 180ml;Suplemento;3.00;35,97;35,97
;Oridermyl pomada 30g;Medicamentos;0.00;0;0
;VetDerma - Champô;Bem-estar Animal;0.00;0;0
;Areia Sanicat Active White Lotus 10l;Bem-estar Animal;0.00;0;0
;Purina Proplan Sensitive Skin +7 ML Optiderma 14Kg;Canídeos - Ração - Seca;0.00;0;0
;RC Cat Urinary S/O MC - 9kg;Felídeos - Ração - Seca;0.00;0;0
;AD Dog Snacks Hypoalergenic 150g;Canídeos - Ração - Seca;56.00;110,88;110,88
;AD Cat Sterilized Turkey and Barley 400g;Felídeos - Ração - Seca;0.00;0;0
;Areia Sanicat Strong Clumps Baby Powder 10l;Bem-estar Animal;0.00;0;0
;AD Dog Mini Puppy Chicken and Rice 1,5kg;Canídeos - Ração - Seca;0.00;0;0
;Zenalpha 10ml f*;Medicamentos;0.00;0;0
;RC Cat Urinary S/O - 1,5kg;Felídeos - Ração - Seca;2.00;24,62;24,62
;SP CRW-1 Weight Reduction 300g;Canídeos - Ração - Húmida;0.00;0;0
;SP FND Neutered Young 2kg;Felídeos - Ração - Seca;0.00;0;0
;AD Dog Medium Adult Chicken and Rice 3kg;Canídeos - Ração - Seca;16.00;181,92;181,92
;TOW CÃO LATA BORREGO;Canídeos - Ração - Húmida;0.00;0;0
;RC Dog Renal Select - 2kg;Canídeos - Ração - Seca;0.00;0;0
;Não há!!! Bravecto spot-on cão 250mg 4,5-10kg;Canídeos - Desp.externo - Pipeta;0.00;0;0
;WeDerm 30ml;Suplemento;0.00;0;0
;Schesir Gato Atum/Dourado 85g - latinha;Felídeos - Ração - Húmida;0.00;0;0
;RC Cat Renal 2Kg;Felídeos - Ração - Seca;1.00;21,43;21,43
;VB Vetcomplex  Cat Digestive Adult 1,5kg;Felídeos - Ração - Seca;0.00;0;0
;Fato pós-cirurgia gato Tm03 - Azul;Bem-estar Animal;0.00;0;0
;RC Dog Gastro Intestinal Low Fat - Lata 200g;Canídeos - Ração - Húmida;0.00;0;0
;Schesir Gato Salmão 85g - latinha;Felídeos - Ração - Húmida;0.00;0;0
;RC X-Small Puppy 3KG;Canídeos - Ração;0.00;0;0
;Convalescence TS Diet - 30g;Suplemento;4.00;11,28;11,28
;RC Junior Small Dog < 10 - 2kg;Canídeos - Ração - Seca;0.00;0;0
;AD Dog Medium/Maxi Sensitive Salmon and Rice 3kg;Canídeos - Ração - Seca;6.00;75;75
;RC Dog Mature Small - 1,5kg;Canídeos - Ração - Seca;0.00;0;0
;Vitamina K1 - comprimido;Medicamentos;0.00;0;0
;RC Cat Multifunction Urinary&Hipo - 2kg;Felídeos - Ração - Seca;0.00;0;0
;Bravecto injetável - Frasco;Canídeos - Desp.externo;1.00;509,67;509,67
;RC Junior Small Dog < 10 - 4,0kg;Canídeos - Ração - Seca;0.00;0;0
;Vacina Nobilis MA5 + clone 30 (galinhas) - 1 embalagem;Animais de Produção - Vacinas;0.00;0;0
;Trovetplus Cão Adulto Hipoalergénica Javali 3Kg;Canídeos - Ração - Seca;0.00;0;0
;Kimivita 250ml;Suplemento;2.00;0;0
;Vetrap (Askina, Cohesive) *f;Consumíveis;28.00;32,48;32,48
;U-vita - gel para cães;Suplemento;0.00;0;0
;AD Cat Obesity / Weight Balance 3kg;Felídeos - Ração - Seca;2.00;35,24;35,24
;Agulhas VetPen 12mm - Caixa 100un;Injectáveis;0.00;0;0
;Adesivo (Askina, Leukoplast, TNT, Omnisilk) *f;Consumíveis;6.00;33,06;33,06
;Shampoo Neutralizador Odores;Medicamentos;0.00;0;0
;Applaws Cat Adult Chicken and Duck 2kg;Felídeos - Ração - Seca;0.00;0;0
;Ivomec F  - 200ml;Animais de Produção - Injectáveis;0.00;0;0
;RC Dog Urinary Small Dog - 4kg;Canídeos - Ração - Seca;0.00;0;0
;Catéter Butterfly;Consumíveis;30.00;9,6;9,6
;Fortiflora gato - Caixa (30 saquetas);Suplemento;0.00;0;0
;Abelia Tris EDTA 118ml;Suplemento;8.00;95,28;95,28
;Ligadura em gaze *f;Consumíveis;60.00;19,8;19,8
;Speed Leish K - Despiste da Leishmaniose;Análises - Simples;38.00;258,02;258,02
;WeBiotic Fast - 15ml;Suplemento;16.00;91,04;91,04
;Neorecormon 500UI (Eritropoietina) - 1 ampolas;Injectáveis;10.00;15,7;15,7
;RC Cat Renal Special 2Kg;Felídeos - Ração - Seca;0.00;0;0
;Penso hidrocoloide (Askina biofilme);Consumíveis;0.00;0;0
;Omnicondro - blister de 6 comprimidos;Suplemento;27.00;85,59;85,59
;Advantage 40 cão menos 4kg - pipeta;Canídeos - Desp.externo - Pipeta;0.00;0;0
;RC Cat Hypoallergenic 2,5Kg;Felídeos - Ração - Seca;0.00;0;0
;Abelia Tris Glycozoo 118ml;Medicamentos;3.00;51,06;51,06
;Compressa absorvente (Zetuvit E) *f;Consumíveis;0.00;0;0
;Calmex Gatos 60ml;Suplemento;0.00;0;0
;NÃO USAR XXX Effivet - Hidrogel - 60ml - Azul Claro;Suplemento;0.00;0;0
;Schesir Cão Frango/Maçã 150g - latinha;Canídeos - Ração - Húmida;1.00;1,8;1,8
;Keyvit 50mg - 1 comprimido;Medicamentos;0.00;0;0
;Ownat Dog Fish 20kg;Canídeos - Ração - Seca;0.00;0;0
;SP CGD-S SENIOR SMALL BREED 7Kg;Canídeos - Ração - Seca;1.00;22,34;22,34
;Amanova Cao Peru Delight 300g;Canídeos - Ração - Húmida;11.00;25,41;25,41
;Ligadura em crepe *f;Consumíveis;20.00;10;10
;Effivet Hidrogel 250ml;Suplemento;0.00;0;0
;RC Renal Liquid 200ml;Felídeos - Ração - Húmida;0.00;0;0
;TOW Prey Cão Angus Vaca 11,3Kg;Canídeos - Ração - Seca;0.00;0;0
;Sanicat clumping white cotton fresh;Bem-estar Animal;0.00;0;0
;Purina Gourmet Revelations Mousse - Caixa (6x4x57g);Felídeos - Ração - Húmida;0.00;0;0
;Amanova Cao Brilliant Beef & Chicken 300g;Canídeos - Ração - Húmida;18.00;41,4;41,4
;Água destilada;Consumíveis;0.00;0;0
;Fentadon (fentanilo) - 10ml *f;Medicamentos;1.00;16,39;16,39
;Amanova Puppy Medium Frango&Quinoa 12Kg;Canídeos - Ração - Seca;0.00;0;0
;Ligadura em algodão *f;Consumíveis;10.00;0;0
;TOW GATO VEADO 2KG  - Rocky Mountain Feline;Felídeos - Ração - Seca;0.00;0;0
;Uranotest Quattro - teste rápido;Análises - Pack ;0.00;0;0
;Feliway - Recarga 48mL;Suplemento;3.00;57,84;57,84
;Applaws Cat Chicken in Jelly 70g;Felídeos - Ração - Húmida;0.00;0;0
;Clavaseptin 750mg - comprimido;Medicamentos;0.00;0;0
;Ownat Dog Ultra Mini Junior 3kg;Canídeos - Ração - Seca;0.00;0;0
;Trovetplus Cão Adulto Hipoalergénica Cavalo 10Kg;Canídeos - Ração - Seca;0.00;0;0
;Agulha 23G (azul) *f - Caixa;Consumíveis;22.00;51,92;51,92
;Penamox /Clavobay/Clavudale/Clavaseptin/Synulox 250 (amoxicilina+ácido clavulânico) - comprimido;Medicamentos;0.00;0;0
;Não usar: Tow - Canion Javali 13kg;Canídeos - Ração - Seca;0.00;0;0
;Ownat Dog Dermatologic 3kg;Canídeos - Ração - Seca;0.00;0;0
;Agulha 18G (rosa) *f - Caixa;Consumíveis;16.00;39,52;39,52
;Rheumocan / Inflacam (meloxicam) 1mg - 1 comprimido;Medicamentos;170.00;102;102
;AD Dog Sensitive Salmon and Rice 3kg;Canídeos - Ração - Seca;0.00;0;0
;Agulha 25G (laranja) *f - Caixa;Consumíveis;24.00;58,32;58,32
;RC Cat Gastro Intestinal  - 2kg;Felídeos - Ração - Seca;0.00;0;0
;RC Dog Urinary S/O 2kg;Canídeos - Ração - Seca;1.00;10,93;10,93
;Agulha 21G (verde) *f - Caixa;Consumíveis;19.00;46,17;46,17
;Omnimatrix pomada 60g;Medicamentos;0.00;0;0
;AD Dog Sensitive Salmon and Rice 12kg;Canídeos - Ração - Seca;0.00;0;0
;Cyclavance 100mg/ml 5ml;Medicamentos;0.00;0;0
;Agulha 20G (amarelo) *f - Caixa;Consumíveis;8.00;20,24;20,24
;SP CRD-1 Weight Reduction 1.6Kg;Canídeos - Ração - Seca;4.00;0;0
;Onsior 10mg - Caixa (30 comprimido);Medicamentos;0.00;0;0
;Cutania Champô Glycoat 355ml + Spray PACK;Bem-estar Animal;0.00;0;0
;Cyclavance 100mg/ml 30ml;Medicamentos;0.00;0;0
;Zentonil Plus 200 - 30 comprimidos;Suplemento;0.00;0;0
;Fato pós-cirurgia cão Tm11 Macho Dry - Azul;Bem-estar Animal;2.00;60,2;60,2
;Areia Sanicat Evolution Adult 6 Lt - NAO EXISTE;Bem-estar Animal;0.00;0;0
;Instinct Dog No Grain Mini Adult Beef Paté 150g;Canídeos - Ração - Húmida;0.00;0;0
;Zentonil Plus 400 - 30 comprimidos;Suplemento;0.00;0;0
;TOW GATO TRUTA 2KG - Canyon River;Felídeos - Ração - Seca;0.00;0;0
;AD Dog Renal Failure 12kg;Canídeos - Ração - Seca;0.00;0;0
;Fato pós-cirurgia cão Tm04 Macho Dry - Azul;Bem-estar Animal;3.00;65,4;65,4
;Instinct Dog No Grain Mini Adult Turkey Paté 150g;Canídeos - Ração - Húmida;0.00;0;0
;Feliway spray 20ml;Bem-estar Animal;4.00;30,8;30,8
;RC Dog Diabetic Special Low Carb - Lata 195g;Canídeos - Ração - Húmida;0.00;0;0
;Abelia Tris Zn-Otic 118ml;Suplemento;0.00;0;0
;Agrafador cirurgico;Consumíveis;2.00;10,46;10,46
;Zentonil Advanced 100 - 30 comprimidos;Suplemento;0.00;0;0
;TOW Taste Of The Wild - Rocky Mountain Veado - 2kg;Felídeos - Rações;0.00;0;0
;Calmex - Comprimido;Medicamentos;0.00;0;0
;Betamox 500+50mg (Amoxicilina + Ácido clavulânico) - ampola 10ml;Injectáveis;11.00;37,51;37,51
;Omnimatrix Creme 250g;Suplemento;2.00;45,68;45,68
;Metrotab (metronidazol) 1000mg - comprimido;Medicamentos;50.00;44,5;44,5
;Zentonil Advanced 200 - 30 comprimidos;Suplemento;0.00;0;0
;Lança comprimidos;Bem-estar Animal;8.00;9,52;9,52
;Fato pós-cirurgia cão Tm06 Macho Dry - Macho;Bem-estar Animal;3.00;0;0
;TOW CÃO SMALL BREED VEADO 5,6KG - App Valley;Canídeos - Ração - Seca;0.00;0;0
;Dialix oxalato 300gr;Suplemento;1.00;24,51;24,51
;Dialix Lespedeza 5 - 60 chews;Suplemento;2.00;44,52;44,52
;Ipakitine cão / gato 60g;Suplemento;2.00;28,88;28,88
;Lesperim Lespedeza 100mg - embalagem;Suplemento;0.00;0;0
;Trazodona 150mg - Comprimido;Medicamentos;53.00;6,36;6,36
;Zinmel pomada 50mL;Medicamentos;0.00;0;0
;Purina Proplan Dermatosis Cão (DRM) 3Kg;Canídeos - Ração - Seca;0.00;0;0
;Compressa em não tecido 10*10cm *f;Consumíveis;80.00;70,4;70,4
;Zentonil Advanced 400 - 30 comprimidos;Suplemento;0.00;0;0
;SP FDD-HY Food Allergy Management HY* 0,4 KG;Felídeos - Ração - Seca;0.00;0;0
;Rheumocan/Inflacam (meloxicam) sol. oral 1,5mg/ml - Frasco 20/50/100ml;Medicamentos;0.00;0;0
;Ophtocycline 10mg/G - Pomada Oftálmica 5gr;Medicamentos;0.00;0;0
;Cosacthen (ACTH) - ampola de 1ml;Medicamentos;0.00;0;0
;Purina Proplan Dermatosis Cão (DRM) 12Kg;Canídeos - Ração - Seca;0.00;0;0
;Advocate Cão - 1,0ml - (4-10kg) - caixa *c;Canídeos - Desp.externo - Pipeta;0.00;0;0
;Comfortis 270mg (3,7-5,4kg) - comprimido;Canídeos e Felídeos - Desp.externo - Comprimido;0.00;0;0
;Atopica gato oral 5mg/ml 5ml;Medicamentos;0.00;0;0
;Impromune - blister de 10 comprimidos;Suplemento;0.00;0;0
;Librela 5mg - caixa de 2 injetaveis;Medicamentos;0.00;0;0
;Ownat Dog Grain Free Just Salmon/Seafood 3kg;Canídeos - Ração - Seca;0.00;0;0
;Advocate Cão - 1,0ml - (4-10kg) - pipeta;Canídeos - Desp.externo - Pipeta;0.00;0;0
;Baytril 10% - frasco 100ml *f;Medicamentos;0.00;0;0
;Spinocan 25G 3'' 75mm (agulha p/cistocentese);Consumíveis;6.00;10,62;10,62
;Applaws Cat Chicken Breast with Wild Rice 70g;Felídeos - Ração - Húmida;0.00;0;0
;Ác. Ursodesoxicólico - Embalagem De 180 Un.;Medicamentos;0.00;0;0
;Ownat Dog Classic Light 12kg;Canídeos - Ração - Seca;0.00;0;0
;Baytril 25mg/ml - 8,5ml (oral gato);Medicamentos;0.00;0;0
;Fio sutura 4/0 (Dafilon);Consumíveis;0.00;0;0
;Asthenodex (Dexmedetomidina) - ml *f;Injectáveis;1.00;29,03;29,03
;PEITORAL PUPPIA SOFT CAMUFLADO XL;Bem-estar Animal;0.00;0;0
;AD Cat Obesity / Weight Balance 8Kg;Felídeos - Ração - Seca;1.00;45,48;45,48
;Schesir Gato Atum/Lula 40g - Sopa;Felídeos - Ração - Húmida;1.00;0,69;0,69
;Schesir Cão Frango/Carne 150g - latinha;Canídeos - Ração - Húmida;2.00;3,34;3,34
;Ownat Classic Kitten 1.5kg;Felídeos - Ração - Seca;0.00;0;0
;Pipeta Pasteur 3ml *f;Consumíveis;300.00;6;6
;Apoquel 16mg - blister 10 comprimidos;Medicamentos;2.00;40,1;40,1
;Parvulyte 50g;Suplemento;0.00;0;0
;Colar 25 confort;Consumíveis;13.00;60,58;60,58
;Schesir Gato Atum/Algas 85g - latinha;Felídeos - Ração - Húmida;5.00;6;6
;Schesir Gato Atum/Robalo 85g - latinha;Felídeos - Ração - Húmida;1.00;1,2;1,2
;Dofatrimject (trimetropin + sulfa) - 100ml *f;Injectáveis;0.00;0;0
;Ermidrá - spray;Medicamentos;0.00;0;0
;TOW CÃO PUPPY SALMÃO 2KG - Pacific Salmão;Canídeos - Ração - Seca;0.00;0;0
;Ypozane 15mg - 7 comprimidos;Medicamentos;0.00;0;0
;TOW CÃO ADULTO VEADO 12,2KG;Canídeos - Ração - Seca;0.00;0;0
;WeGastro - uma embalagem;Suplemento;2.00;0;0
;Montain Hay (Feno Montanha) - Menta 500g;Bem-estar Animal;0.00;0;0
;Areia Absorvente Gato 5kg/8L;Bem-estar Animal;0.00;0;0
;Prednicortone/ Hedylon (Prednisolona) 5mg - comprimido;Medicamentos;570.00;91,2;91,2
;Giardiose - Teste rápido;Análises - Simples;0.00;0;0
;TOW CÃO PUPPY SALMÃO 5,6KG - Pacific Salmão;Canídeos - Ração - Seca;0.00;0;0
;SP FOD-HY Allergy Management Plus HY* 2 KG;Felídeos - Ração - Seca;1.00;0;0
;Applaws Cat Adult Chicken and Lamb 2kg;Felídeos - Ração - Seca;0.00;0;0
;Kit bioquímicas NSAIDS 5 + 1 rácio - NÃO EXISTE;Análises - Pack ;0.00;0;0
;Nature Feno Timothy - cenoura & abóbora 500g;Leporídeos - Ração - Seca;0.00;0;0
;Nutribird P15 TR - Manutenção Papagaios 3kg;Outros;0.00;0;0
;Solu-medrol 125mg/2ml - 1 ampola *f;Injectáveis;1.00;3,94;3,94
;Applaws Cat Chicken and Aspargus 70g;Felídeos - Ração - Húmida;0.00;0;0
;SP CXD-S ADULT SMALL BREED 1 KG;Canídeos - Ração - Seca;0.00;0;0
;Prednicortone 20mg - comprimido;Medicamentos;169.00;60,84;60,84
;TOW CÃO ADULTO SALMÃO 2KG - Pacific Stream;Canídeos - Ração;0.00;0;0
;Nature Feno Timothy - beterraba & tomate 500g;Leporídeos - Ração - Seca;2.00;9,36;9,36
;SP CRD-2 Weight Control 12kg;Canídeos - Ração - Seca;0.00;0;0
;Mirataz Mirtazapina 20mg/g - Pomada 3g;Medicamentos;3.00;74,1;74,1
;Purina Proplan Renal Gato (NF AC) 5Kg;Felídeos - Ração - Seca;1.00;33,27;33,27
;Purina Proplan Renal Cão 3Kg;Canídeos - Ração - Seca;0.00;0;0
;Luvas de exame L;Consumíveis;0.00;0;0
;KCl - Cloreto de potássio - 10ml *f;Medicamentos;0.00;0;0
;Furosoral 40mg - comprimido;Medicamentos;0.00;0;0
;TOW CÃO ADULTO SALMÃO 5,6KG - Pacific Stream;Canídeos - Ração - Seca;0.00;0;0
;Applaws Cat Kitten Frango - Lata 70g;Felídeos - Ração - Húmida;0.00;0;0
;Nature Feno Timothy - 1kg;Leporídeos - Ração - Seca;0.00;0;0
;Schesir Gato Atum/Quinoa 85g - latinha/saqueta;Felídeos - Ração - Húmida;5.00;6;6
;HPM U1 Dog Dissolution & Prevention 3Kg;Canídeos - Ração - Seca;0.00;0;0
;Conecta 450ml;Suplemento;0.00;0;0
;Clomicalm 80mg - embalagem de 30 comprimidos;Medicamentos;0.00;0;0
;Sonda de alimentação nasogástrica (felinos CH5 50cm);Consumíveis;3.00;0,69;0,69
;Applaws Cat Kitten Atum - Lata 70g;Felídeos - Ração - Húmida;0.00;0;0
;VL Cuni Junior Complete 1,75kg;Leporídeos - Ração - Seca;0.00;0;0
;TOW Prey Gato Peru 6,8Kg;Felídeos - Ração - Seca;0.00;0;0
;Conecta plus 450ml;Suplemento;0.00;0;0
;Fio sutura 4/0 O (Monosyn HR22);Consumíveis;50.00;153;153
;Compressa hiper-absorvente em não tecido *f;Consumíveis;20.00;3,4;3,4
;Stronghold Plus gato 2,5kg (menos de) - pipeta;Felídeos - Desp.interno e externo - Pipeta;0.00;0;0
;RC Cat Mother and Baby - Lata 195g;Felídeos - Ração - Húmida;24.00;44,16;44,16
;Applaws Cat Kitten Sardinha - Lata 70g;Felídeos - Ração - Húmida;0.00;0;0
;Nature snacks hay bale cornflower 70g;Leporídeos - Ração - Seca;0.00;0;0
;Bravecto gato Plus (2,8-6,25Kg);Felídeos - Desp.interno e externo - Pipeta;13.00;233,48;233,48
;Advocate 400 - 25 a 40kg - embalagem de 3un;Canídeos - Desp.interno e externo - Pipeta;0.00;0;0
;Gingiva gatos - 30 snacks;Suplemento;0.00;0;0
;Clavusan (amoxicilina + ác. clavulânico) 250 + 62,5mg - comprimido;Medicamentos;449.00;269,4;269,4
;Capa de termómetro - embalagem *f;Consumíveis;1150.00;46;46
;Fio sutura 2/0 (Safil);Consumíveis;11.00;16,61;16,61
;Areia Absorvente Gato 10kg/16L;Bem-estar Animal;0.00;0;0
;Nisinject / Noroclav / Synulox - Frasco *f;Injectáveis;0.00;0;0
;Stronghold Plus gato 2,6-5,0kg - pipeta;Felídeos - Desp.interno e externo - Pipeta;0.00;0;0
;RC Cat Senior ST2 400g;Felídeos - Ração - Seca;0.00;0;0
;Fato pós-cirurgia cão Tm00 Macho/Fêmea - Rosa;Bem-estar Animal;0.00;0;0
;Álcool 70% 250ml;Consumíveis;17.00;9,69;9,69
;Nature snacks hay bale dandelion 70g;Leporídeos - Ração - Seca;0.00;0;0
;Lifo Scrub 500ml;Consumíveis;1.00;9,35;9,35
;Fio sutura 0 T (Monosyn);Consumíveis;0.00;0;0
;PEITORAL PUPPIA SOFT AZUL ESC XS;Bem-estar Animal;0.00;0;0
;Álcool Gel Anti-Séptico - 5kg;Consumíveis;1.00;15,99;15,99
;Feliscratch - embalagem de 9 pipetas;Bem-estar Animal;0.00;0;0
;Croc complete ervas 50g;Leporídeos - Ração - Seca;0.00;0;0
;Felimazole 5mg emb. 100comp.;Medicamentos;0.00;0;0
;Softaskin 500ml;Consumíveis;1.00;4,58;4,58
;SP CCD Struvite Management 2Kg;Canídeos - Ração - Seca;0.00;0;0
;PEITORAL PUPPIA SOFT AZUL ESC S;Bem-estar Animal;0.00;0;0
;Fato pós-cirurgia cão Tm10 Macho/Fêmea - Verde;Bem-estar Animal;0.00;0;0
;Croc complete bagas 50g;Leporídeos - Ração - Seca;0.00;0;0
;Cetirizina 10mg - comprimido;Medicamentos;32.00;9,28;9,28
;Promanum Pure Sol Etanol 500ml;Consumíveis;1.00;7,11;7,11
;Luvas de exame S;Consumíveis;8.00;34,64;34,64
;Fio sutura 0 (Safil);Consumíveis;12.00;39,96;39,96
;Apoquel 03,6mg - blister 10 comprimidos;Medicamentos;0.00;0;0
;PEITORAL PUPPIA SOFT AZUL ESC M;Bem-estar Animal;1.00;0;0
;Itraconazol 100mg - 1 cápsula;Medicamentos;0.00;0;0
;SP FGD Senior 400g;Felídeos - Ração - Seca;0.00;0;0
;Zelys 1,25mg - blister - 12 Comprimidos;Medicamentos;0.00;0;0
;Areia Sanicat Active Gold 6l;Bem-estar Animal;2.00;15,58;15,58
;Ownat Cat Just Grain Free Sterilized 400g;Felídeos - Ração - Seca;0.00;0;0
;Luvas de cirurgia 6.5 - Powder free *f;Consumíveis;0.00;0;0
;PEITORAL PUPPIA SOFT AZUL ESC L;Bem-estar Animal;0.00;0;0
;AD Dog Urinary 12kg;Canídeos - Ração - Seca;0.00;0;0
;VL Cuni Adult Complete 0,5kg;Leporídeos - Ração;0.00;0;0
;Roferon (frasco pré preparado 100ml);Medicamentos;0.00;0;0
;Amicacina 250mg/ml - 1 ampola;Medicamentos;0.00;0;0
;AD Cat Gastroenteric Sensitive 400g;Felídeos - Ração - Seca;0.00;0;0
;Flexadine Advance Gatos - 30 comprimidos;Suplemento;0.00;0;0
;Ownat Cat Just Grain Free Sterilized Chicken 8kg;Felídeos - Ração - Seca;0.00;0;0
;RC Dog Gastro Intestinal PUPPY - 1kg;Canídeos - Ração - Seca;1.00;7,48;7,48
;Máscara de cirurgia *f;Consumíveis;4.00;9,76;9,76
;PEITORAL PUPPIA SOFT AZUL ESC XL;Bem-estar Animal;0.00;0;0
;Dermoscent Essential6 dog 0-10kg - pipeta;Suplemento;16.00;53,44;53,44
;Fato Pós-Cirurgia gato Tm01 Dry - Verde - NÃO EXISTE;Bem-estar Animal;0.00;0;0
;Feliway Friend Difusor + Recarga 48ml;Suplemento;0.00;0;0
;AD Cat Urinary 400g;Felídeos - Ração - Seca;0.00;0;0
;Schesir Gato Frango/Presunto 85g - latinha;Felídeos - Ração - Húmida;5.00;6;6
;Ownat Cat Just Grain Free Sterilized Fish 8kg;Felídeos - Ração - Seca;0.00;0;0
;Touca de cirurgia *f;Consumíveis;100.00;3;3
;PEITORAL PUPPIA SOFT AZUL ESC XXL;Bem-estar Animal;0.00;0;0
;Dermoscent Essential6 dog 10-20kg - pipeta;Suplemento;0.00;0;0
;Fato pós-cirurgia gato Tm03 Dry Macho/Fêmea - Verde;Bem-estar Animal;0.00;0;0
;Multiva Calming Cats - embalagem;Suplemento;0.00;0;0
;HPM Senior Dog Large & Medium 3Kg;Canídeos - Ração - Seca;0.00;0;0
;Ownat Cat Classic Light 4kg;Felídeos - Ração - Seca;0.00;0;0
;Algodão *f;Consumíveis;0.00;0;0
;PEITORAL PUPPIA SOFT ROSA XS;Bem-estar Animal;0.00;0;0
;Dermoscent Essential6 dog 20-40kg - pipeta;Suplemento;0.00;0;0
;Dialix R cão - embalagem;Suplemento;0.00;0;0
;Cefalexina 250mg (Cefabactin / Cephacare) - comprimido;Medicamentos;56.00;33,04;33,04
;Cytopoint 10mg - uma embalagem 2 frasquinhos;Medicamentos;1.00;76,27;76,27
;Hyaloral - Caixa 120 comprimidos;Suplemento;0.00;0;0
;Ownat Cat Classic Sterilized 400g;Felídeos - Ração - Seca;0.00;0;0
;Purina Proplan Diabetes Gato (DM) 5Kg;Felídeos - Ração - Seca;0.00;0;0
;Cotonetes *f;Consumíveis;1.00;0,46;0,46
;Transportadora 48x31,5x31cm;Bem-estar Animal;0.00;0;0
;Panolog - pomada 15ml;Medicamentos;0.00;0;0
;Kong extreme black - L;Bem-estar Animal;0.00;0;0
;PEITORAL PUPPIA SOFT ROSA S;Bem-estar Animal;0.00;0;0
;Dermoscent Pyoclean OTO - pipeta;Tratamentos;15.00;17,55;17,55
;Dialix R felino - embalagem;Suplemento;0.00;0;0
;Schesir Gato Atum/Anchovas/Batata doce/Arando 85g - latinha;Felídeos - Ração - Húmida;0.00;0;0
;Ownat Cat Classic Sterilized 15kg;Felídeos - Ração - Seca;1.00;29,03;29,03
;SP COD-HY ALLERGY MANAGEMENT PLUS HY* 2Kg;Canídeos - Ração - Seca;0.00;0;0
;SP Amostra CPD-M Puppy Medium Breed (puppy);Canídeos - Ração - Seca;0.00;0;0
;PEITORAL PUPPIA SOFT ROSA M;Bem-estar Animal;0.00;0;0
;Dialix Lespedeza 15 - 60 chews;Suplemento;6.00;0;0
;Purina Proplan Renal Gato (NF EC) 350g;Felídeos - Ração - Seca;0.00;0;0
;Schesir Gato Peixes água salgada/Abóbora/Pêra 85g - latinha;Felídeos - Ração - Húmida;2.00;2,4;2,4
;Ownat Cat Renal 3kg;Felídeos - Ração - Seca;5.00;68,05;68,05
;SP F/C-IN-W INTENSIVE SUPPORT 95 GR;Canideos e Felídeos - Ração - Húmida;0.00;0;0
;Bola guloseimas vermelha catmosphere;Bem-estar Animal;1.00;5,39;5,39
;SP Amostra CPD-S Puppy Small Breed (puppy);Canídeos - Ração - Seca;0.00;0;0
;PEITORAL PUPPIA SOFT ROSA L;Bem-estar Animal;1.00;10,53;10,53
;Fato pós-cirurgia gato Tm0 Dry - Azul/Verde/Rosa;Bem-estar Animal;1.00;0;0
;Tris-Nac (EDTA + acetilcisteína) - embalagem 120ml;Tratamentos;0.00;0;0
;Purina Proplan Renal Cão (NF) 3Kg;Canídeos - Ração - Seca;0.00;0;0
;Ownat Dog Dermatologic 10kg;Canídeos - Ração - Seca;0.00;0;0
;WeJoint Plus R. Medias - caixa de 30 comprimidos;Suplemento;1.00;11,87;11,87
;Ermidrá - espuma;Medicamentos;0.00;0;0
;Plaque Ex Forte;Bem-estar Animal;0.00;0;0
;Easotic - gotas auriculares 10 ml;Medicamentos;1.00;15,78;15,78
;PEITORAL PUPPIA SOFT ROSA XXL;Bem-estar Animal;1.00;13,19;13,19
;Solensia - 1 frasco;Medicamentos;5.00;196,4;196,4
;Dorzoglau 20mg/ml - colírio 5ml;Medicamentos;0.00;0;0
;Purina Proplan Renal Cão (NF) 12Kg;Canídeos - Ração - Seca;0.00;0;0
;Ownat Cat Veal & Turkey - Saqueta 85g;Felídeos - Ração - Húmida;0.00;0;0
;Omniflora - Saqueta 2g;Suplemento;0.00;0;0
;Lisina Aid Gel;Medicamentos;0.00;0;0
;Pano campo 45x60;Consumíveis;0.00;0;0
;Onsior Gato - 1 Comprimido;Medicamentos;65.00;63,7;63,7
;Marbofloxacina (Marfloxin) 5mg - comprimido;Medicamentos;134.00;37,52;37,52
;PEITORAL PUPPIA SOFT VERMELHO XS;Bem-estar Animal;1.00;10,53;10,53
;Condrovet - embalagem de 45 comprimidos;Suplemento;0.00;0;0
;Dermoscent Pyospot 0-10kg - pipeta;Tratamentos;0.00;0;0
;Nelio (benazepril) 2,5mg - blister de 10 comprimidos;Medicamentos;0.00;0;0
;RC Dog High Fibre - 2kg;Canídeos - Ração - Seca;0.00;0;0
;RC Cat Renal Special - 400g;Felídeos - Ração - Seca;1.00;5,01;5,01
;Orafungil - griseofulvina 150mg 32 comprimidos;Medicamentos;0.00;0;0
;Purina Proplan Neurocare Cão (NC) 12Kg;Canídeos - Ração - Seca;0.00;0;0
;Ownat Dog Lamb With Potatoes - lata 395g;Canídeos - Ração - Húmida;0.00;0;0
;Seringa 50ml *f;Consumíveis;0.00;0;0
;Pano campo 60x90;Consumíveis;0.00;0;0
;Marcador Raidex - verde;Animais de produção - Consumíveis;0.00;0;0
;TOW CÃO ADULTO JAVALI 12,2KG - Southwest Canion;Canídeos - Ração - Seca;0.00;0;0
;Feliway Difusor + Recarga 48 Ml;Suplemento;0.00;0;0
;Marbofloxacina (Marfloxin/Cruxial) 80mg - comprimido;Medicamentos;92.00;68,08;68,08
;PEITORAL PUPPIA SOFT VERMELHO S;Bem-estar Animal;0.00;0;0
;Dermoscent Pyospot 10-20kg - pipeta;Tratamentos;0.00;0;0
;Prevendog - 1 coleira 60cm;Canídeos - Desp.externo - Coleira;6.00;58,14;58,14
;VEGGIEDENT FR3SH L (15 Unidade);Bem-estar Animal;3.00;20,64;20,64
;WeJoint Plus BISCOITOS R. Médias - caixa 30 unidades;Suplemento;0.00;0;0
;Luvas de cirurgia 7.0 - Powdered *f;Consumíveis;151.00;64,93;64,93
;Felimazole 2,5mg emb. 100comp.;Medicamentos;0.00;0;0
;Urovet-C 50g;Suplemento;0.00;0;0
;PEITORAL PUPPIA SOFT VERMELHO M;Bem-estar Animal;0.00;0;0
;Dermoscent Pyospot 20-40kg - pipeta;Tratamentos;0.00;0;0
;HPM W1 Cat Loss&Diabetes 1.5Kg;Felídeos - Ração - Seca;0.00;0;0
;Prevendog - 1 coleira 75cm;Canídeos - Desp.externo - Coleira;7.00;93,73;93,73
;Anestocil Colirio 10ml *f;Medicamentos;0.00;0;0
;Multivac 9 *f;Animais de Produção - Vacinas;0.00;0;0
;SP COW-HY Allergy Management Plus 300g;Canídeos - Ração - Húmida;0.00;0;0
;PEITORAL PUPPIA SOFT VERMELHO L;Bem-estar Animal;0.00;0;0
;Aureodermil 5mg/g - pomada oftálmica 5g;Medicamentos;32.00;242,24;242,24
;AD Dog Mini Puppy Chicken and Rice 700g;Canídeos - Ração - Seca;0.00;0;0
;Schesir Gato Atum/Aloe 85g - latinha;Felídeos - Ração - Húmida;0.00;0;0
;Ataxxa 1250/250mg Cão 10-25Kg - pipeta;Canídeos - Desp.externo - Pipeta;17.00;56,1;56,1
;Tropicil Colirio 10ml *f;Medicamentos;0.00;0;0
;SP FOW-HY Allergy Management Plus 100g;Felídeos - Ração - Húmida;0.00;0;0
;PEITORAL PUPPIA SOFT VERMELHO XL;Bem-estar Animal;2.00;23,72;23,72
;Adrocil 5mg/ml - colírio 10ml;Medicamentos;27.00;0;0
;Omnicondro Pro Rapid - Blister de 10 comprimidos;Suplemento;32.00;206,72;206,72
;Cladaxxa/Nicilan/Clavucill/Synulox 40+10mg (amoxicilina + ácido clavulânico) - comprimido;Medicamentos;250.00;40;40
;Schesir Gato Frango/Arroz 85g - latinha;Felídeos - Ração - Húmida;0.00;0;0
;IRC VET - embalagem de 60 comprimidos;Suplemento;0.00;0;0
;Churu Dog Bites Frango c/ Atum - Saqueta (8x96g);Canídeos - Ração;22.00;80,96;80,96
;Vacina pentavalente DHPPi/Lmulti;Canídeos - Vacinas;0.00;0;0
;PEITORAL PUPPIA SOFT VERMELHO XXL;Bem-estar Animal;0.00;0;0
;Corticil - pomada oftálmica 5g;Medicamentos;1.00;7,59;7,59
;Credelio gato 0.5-2kg 12mg - comprimido;Felídeos - Desp.externo - Comprimido;43.00;172,43;172,43
;Schesir Cachorro Frango/Aloe 150g - latinha;Canídeos - Ração - Húmida;0.00;0;0
;LysinViral Plus - embalagem de 50ml;Suplemento;0.00;0;0
;Teste de Schirmer - tira (2);Análises;41.00;26,24;26,24
;SP CDD-HY Food Allergy Management 2Kg;Canídeos - Ração - Seca;0.00;0;0
;Minipres 1mg - caixa de 60 comprimidos;Medicamentos;0.00;0;0
;TRELA PUPPIA 2 TONS AZUL ESC M;Bem-estar Animal;1.00;4,43;4,43
;Homatrocil 1mg/ml - colírio 5ml;Medicamentos;1.00;8;8
;Kimimove support - embalagem 120 comprimidos;Suplemento;0.00;0;0
;Schesir NS Gato Esterilizado Atum 350g;Felídeos - Ração - Seca;0.00;0;0
;Plasmoral Digest raças peq/med - 1 saqueta;Suplemento;0.00;0;0
;Purina Proplan Hypoallergenic Cão (HA) 7Kg;Canídeos - Ração - Seca;0.00;0;0
;Spray raidex 400 - azul;Animais de produção - Consumíveis;0.00;0;0
;Axitol Pan - Solução oral 100ml;Suplemento;0.00;0;0
;TRELA PUPPIA 2 TONS AZUL ESC L;Bem-estar Animal;0.00;0;0
;Garrafa óleo 100ml Heiniger;Consumíveis;1.00;4,83;4,83
;Sporimune gato oral 50mg/ml 25ml;Medicamentos;0.00;0;0
;Schesir NS Gato Esterilizado Pato 350g;Felídeos - Ração - Seca;0.00;0;0
;Oleoderm - bister de 10 capsulas;Suplemento;0.00;0;0
;Churu Vet Cat Nourish Atum/Frango - Saqueta 14g;Felídeos - Rações;23.00;10,12;10,12
;Vacina Tosse do canil - Versican BB Oral;Medicamentos;10.00;96,7;96,7
;Fato pós-cirurgia gato Tm05 Dry Macho/Fêmea - Verde;Bem-estar Animal;0.00;0;0
;Libeo 10mg - Caixa 120 comprimidos;Medicamentos;0.00;0;0
;Spray raidex 400 - vermelho;Animais de produção - Consumíveis;0.00;0;0
;TRELA PUPPIA 2 TONS ROSA M;Bem-estar Animal;1.00;4,43;4,43
;Fato pós-cirurgia cão Tm05 Macho/Fêmea Dry - Roxo/Rosa/Verde;Bem-estar Animal;4.00;89,6;89,6
;Demélant poils longs 400ml spray perfume;Bem-estar Animal;0.00;0;0
;Schesir NS Gato Delicado Frango 350g;Felídeos - Ração - Seca;0.00;0;0
;DaForte - embalagem de 20ml;Suplemento;0.00;0;0
;Churu Vet Cat Diet Atum/Frango - Saqueta 14g;Felídeos - Ração - Húmida;0.00;0;0
;AD Dog Atopic Truta 12kg;Canídeos - Ração - Seca;3.00;133,02;133,02
;Seringa revólver 50cc;Animais de produção - Consumíveis;0.00;0;0
;Fato pós-cirurgia cão Tm10 Macho/Fêmea Dry - Rosa/Verde;Bem-estar Animal;1.00;29,21;29,21
;TRELA PUPPIA 2 TONS ROSA L;Bem-estar Animal;0.00;0;0
;WeConfort - embalagem de 30 cápsulas;Suplemento;90.00;926,1;926,1
;RC Cat Urinary S/O - 400g;Felídeos - Ração - Seca;1.00;4,67;4,67
;Churu Cat Bites Atum c/ Frango - Saqueta (3x10g);Felídeos - Rações;8.00;14,96;14,96
;Amanova Cão Irresistible Beef 300g;Canídeos - Ração - Húmida;32.00;73,92;73,92
;Manipulado cotrimoxazol;Medicamentos;0.00;0;0
;TRELA PUPPIA 2 TONS VERMELHO M;Bem-estar Animal;0.00;0;0
;TOW GATO CODORNIZ 2KG - Lowland Creek;Felídeos - Ração - Seca;0.00;0;0
;Churu Cat Bites Frango - Saqueta (3x10g);Felídeos - Rações;8.00;14,96;14,96
;Amanova Cão Exquisite Chicken 100g;Canídeos - Ração - Húmida;3.00;2,58;2,58
;Oralade gato 150ml - NAO EXISTE;Suplemento;0.00;0;0
;Kong classic red - S;Bem-estar Animal;0.00;0;0
;TRELA PUPPIA 2 TONS VERMELHO L;Bem-estar Animal;0.00;0;0
;Depo-medrol 40mg/ml - 1 ampola *f;Medicamentos;8.00;12,24;12,24
;AD DENTAL CARE MINI - 360GR;Canídeos - Ração - Seca;0.00;0;0
;TOW GATO CODORNIZ 6.6KG - Lowland Creek;Felídeos - Ração - Seca;0.00;0;0
;Churu Cat Hairball Control Atum - Saqueta (4x14g);Felídeos - Rações;14.00;23,52;23,52
;Dialix Bladder Control Plus 60 Chews - Embalagem;Suplemento;0.00;0;0
;Amanova Cão Iberian Pork  300g;Canídeos - Ração - Húmida;7.00;16,1;16,1
;Kong classic red - M;Bem-estar Animal;0.00;0;0
;SP FCD CRYSTAL PREV/MANAG 1,2 KG - não existe;Felídeos - Ração - Seca;0.00;0;0
;Churu Cat Hairball Control Frango - Saqueta (4x14g);Felídeos - Rações;12.00;20,16;20,16
;Amanova Cão Tasty Salmon & Turkey 300g;Canídeos - Ração - Húmida;12.00;27,72;27,72
;Kong classic red - L;Bem-estar Animal;0.00;0;0
;SP C-BIO-W Organic Diet with Beef;Canídeos - Ração - Húmida;0.00;0;0
;PEITORAL PUPPIA SOFT CAMUFLADO L;Bem-estar Animal;0.00;0;0
;Churu Dog Bites Frango c/ Salmão - saqueta (8x96g);Canídeos - Ração;12.00;44,16;44,16
;Desinclor Clorhexidina 1% 500ml;Consumíveis;25.00;96,5;96,5
;Furosemida - Ampola de 2ml *f;Injectáveis;50.00;17,5;17,5
;SP F-BIO-W Organic Diet with Beef;Felídeos - Ração - Húmida;0.00;0;0
;Spray Megamazon Fast Shower Pitanga/Buriti 240ml;Bem-estar Animal;8.00;50;50
;Ownat Cat Classic Kitten 4kg;Felídeos - Ração - Seca;2.00;21,78;21,78
;Álcool 1l;Consumíveis;0.00;0;0
;SP F-BIO-W Organic Diet with Chicken 100gr;Felídeos - Ração - Húmida;0.00;0;0
;RC Cat Gastrointestinal Kitten lata 195g;Felídeos - Ração - Húmida;10.00;22,7;22,7
;Copo de recolha com tampa;Consumíveis;0.00;0;0
;Clunia Zn Maintenance Gel - 59ml;Medicamentos;5.00;44,15;44,15
;AD DENTAL CARE MULTIPACK - 750GRX4;Canideos e Felídeos - Ração - Seca;0.00;0;0
;Dermoscent Bio-Balm 50ml;Bem-estar Animal;0.00;0;0
;AD Cat Gastroenteric Sensitive 1,5kg;Felídeos - Ração - Seca;0.00;0;0
;Clunia ZnA Clinical Gel 118ml;Medicamentos;13.00;184,6;184,6
;Ownat Dog Classic Mini Adult 400g;Canídeos - Ração - Seca;0.00;0;0
;AD Cat Adult Chicken and Rice 10kg;Felídeos - Ração - Seca;0.00;0;0
;Kalm Aid cão/gato 250ml;Suplemento;0.00;0;0
;AD Dog Mini Puppy Chicken and Rice 3kg;Canídeos - Ração - Seca;0.00;0;0
;Coleira Reflect 12mm;Bem-estar Animal;0.00;0;0
;Vetbromide 600mg - caixa de 60 comprimidos;Medicamentos;0.00;0;0
;Ownat Dog Classic Complet 20kg;Canideos e Felídeos - Ração - Seca;4.00;118,72;118,72
;AD Dog Mini Adult Chicken and Rice 3kg;Canídeos - Ração - Seca;7.00;79,59;79,59
;Água Bidestilada;Consumíveis;88.00;31,68;31,68
;AD Dog Puppy Sensitive 12kg;Canídeos - Ração - Seca;0.00;0;0
;Churu Luxury Vet Cat - Embalagem (4 saquetas);Felídeos - Ração - Húmida;25.00;54,75;54,75
;Ownat Dog Hypoallergenic Pork 12kg;Canideos e Felídeos - Ração - Seca;0.00;0;0
;AD Dog Medium Puppy Chicken and Rice 3kg;Canídeos - Ração - Seca;2.00;23,86;23,86
;Fato pós-cirurgia cão Tm09 Macho Dry - Azul;Bem-estar Animal;3.00;76,5;76,5
;Fato Pós-Cirurgia gato Tm01 Dry - Rosa;Bem-estar Animal;2.00;21,68;21,68
;Applaws Dog Chicken Breast (lata) 156g;Canídeos - Ração - Húmida;0.00;0;0
;TOW Prey Cão Angus Vaca 3,63Kg;Canídeos - Ração - Seca;0.00;0;0
;RC Dog Neutered Adult Small - 3,5kg;Canídeos - Ração - Seca;0.00;0;0
;Schesir NS Gato Delicado Frango 4,5Kg;Felídeos - Ração - Seca;0.00;0;0
;HPM U2 Cat Dissolution&Prevention 7Kg;Felídeos - Ração - Seca;0.00;0;0
;Clopidogrel 18.75mg - 30 cápsulas;Medicamentos;0.00;0;0
;AD Cat Adult Chicken and Rice 3kg;Felídeos - Ração - Seca;0.00;0;0
;Ferrovet - frasco 100ml *f;Tratamentos - Animais de Produção;0.00;0;0
;Fato Pós-Cirurgia cão Tm07 Macho/Fêmea Dry - Verde/Rosa;Bem-estar Animal;5.00;118,5;118,5
;SP FID Digestive Support 400g;Felídeos - Ração - Seca;0.00;0;0
;Cama / tapete de arrefecimento 40x50cm;Bem-estar Animal;2.00;13,56;13,56
;SP CID Digestive Support 7Kg;Canídeos - Ração - Seca;0.00;0;0
;Amylactiv Max - Caixa 120 cápsulas;Suplemento;0.00;0;0
;Tear Stain Remover 100ml;Bem-estar Animal;0.00;0;0
;Cama / tapete de arrefecimento 50x90cm;Bem-estar Animal;3.00;35,97;35,97
;WeCalm - comprimido;Suplemento;52.00;19,76;19,76
;Corta comprimidos;Bem-estar Animal;3.00;13,17;13,17
;Biberão Lactadiet cão;Consumíveis;1.00;3,71;3,71
;RC Kit Mother & Baby Cat;Felídeos - Rações;0.00;0;0
;Colar protetor para sonda esofágica T1;Bem-estar Animal;2.00;30,8;30,8
;AD Dog Gastroenteric Low Fat 3kg;Canídeos - Ração - Seca;2.00;36,38;36,38
;Clorocil - frasco 5ml;Medicamentos;0.00;0;0
;Baytril cão/gato 15mg - comprimido palatável;Medicamentos;0.00;0;0
;Healthybites Hariball Gato;Felídeos - Ração - Seca;0.00;0;0
;SP FKD Kidney Support 400g;Felídeos - Ração - Seca;0.00;0;0
;Vacina Canigen DHPPiL;Canídeos - Vacinas;12.00;60,12;60,12
;Biberão Lactadiet Gato;Consumíveis;0.00;0;0
;Colar protetor para sonda esofágica T2;Bem-estar Animal;2.00;33,3;33,3
;AD Dog Renal Failure 3kg;Canídeos - Ração - Seca;0.00;0;0
;SP FND Neutered Young 400g;Felídeos - Ração - Seca;0.00;0;0
;Applaws Cat Peito de Frango - Lata 70g;Felídeos - Ração - Húmida;0.00;0;0
;Lactadiet Cão - saqueta 7,5g;Suplemento;0.00;0;0
;HPM Cat Adult Neutered 7Kg;Felídeos - Ração - Seca;0.00;0;0
;Champô Megamazon Forest Balance Maracujá 300ml;Bem-estar Animal;6.00;33,12;33,12
;SP FPD Kitten 400g;Felídeos - Ração - Seca;0.00;0;0
;Ocil 5mg/g - pomada oftálmica 5gr;Medicamentos;10.00;54,3;54,3
;RC Hypoallergenic Small Dog - 1Kg;Canídeos - Ração - Seca;0.00;0;0
;Lactadiet Gato - saqueta 7,5g;Suplemento;0.00;0;0
;Helizyme/Enzyme - Detergente Enzimático 5L;Outros;0.00;0;0
;Tsefalen/Cefabactin (cefalexina) 1000mg - comprimido;Medicamentos;43.00;48,16;48,16
;Seponver Plus 1L;Tratamentos - Animais de Produção;0.00;0;0
;Kong extreme black - M;Bem-estar Animal;0.00;0;0
;Vetacort injectável - Frasco 50ml *f;Medicamentos;0.00;0;0
;Corpet - embalagem de 60 comprimidos;Suplemento;0.00;0;0
;RC Gastro Intestinal Low Fat Liquid 200ml;Canídeos - Ração - Húmida;0.00;0;0
;Schesir NS Puppy Peru 490g;Canídeos - Ração - Seca;0.00;0;0
;RC Kitten 2Kg;Felídeos - Ração - Seca;0.00;0;0
;Atopivet - blister 15 cápsulas;Suplemento;0.00;0;0
;Tsefalen/Cefabactin (cefalexina) 500mg - comprimido;Medicamentos;15.00;11,85;11,85
;Fio sutura 5/0 O (Monosyn HR17);Consumíveis;51.00;246,33;246,33
;Kong wobbler - L;Bem-estar Animal;0.00;0;0
;SP FID Digestive Support 2Kg;Felídeos - Ração - Seca;0.00;0;0
;SP FRD Weight Redution 400g;Felídeos - Ração - Seca;0.00;0;0
;Tramvetol 50 (tramadol) - comprimido;Medicamentos;0.00;0;0
;RC Maxi Puppy 140g - Saqueta;Canídeos - Ração - Húmida;0.00;0;0
;Bioquímica - Amilase (AMY);Análises - Simples;24.00;40,8;40,8
;Dermoscent Essential6 cat - pipeta;Suplemento;0.00;0;0
;Edolfene - 5ml;Medicamentos;0.00;0;0
;Kong wobbler - S;Bem-estar Animal;0.00;0;0
;TOW GATO TRUTA 6,6KG - Canyon River;Felídeos - Ração - Seca;2.00;70,66;70,66
;SP FXD Adult 400g;Felídeos - Ração - Seca;0.00;0;0
;RC Cat Gastrointestinal Kitten 400g;Felídeos - Ração - Seca;0.00;0;0
;RC Cat Neutered Satiety Balance 1.5Kg;Felídeos - Ração - Seca;0.00;0;0
;Tampa de catéter com borracha;Consumíveis;92.00;20,24;20,24
;Bioquímica - Lipase (LIP);Análises - Simples;24.00;44,64;44,64
;Douxo Seborreia 200ml;Medicamentos;0.00;0;0
;Peixe - Dr Wu Propical Fish 250ml;Animais Exóticos - Alimentação;0.00;0;0
;Instinct Dog No Grain Mini Adult Chicken Paté 150g;Canídeos - Ração - Húmida;0.00;0;0
;RC Dog Diabetic Special Low Carb - Lata 410g;Canídeos - Ração - Húmida;0.00;0;0
;WeCalm Tasty - embalagem;Suplemento;12.00;143,52;143,52
;AD Dog Hypoallergenic 2,5kg;Canídeos - Ração - Seca;0.00;0;0
;Peixe - Tetra Tabs TabiMin 120;Animais Exóticos - Alimentação;0.00;0;0
;TOW CÃO ADULTO MINI VEADO 2KG - App Valley;Canídeos - Ração - Seca;0.00;0;0
;Douxo loção micelar auricular 125ml;Suplemento;0.00;0;0
;AD Dog Mini Adult Chicken and Rice 700g;Canídeos - Ração - Seca;0.00;0;0
;AD Cat Sterilized Sensitive Salmon and Barley 10kg;Felídeos - Ração - Seca;3.00;107,43;107,43
;Pro-Training Clicker;Bem-estar Animal;0.00;0;0
;Simparica 20mg - 5-10kg - 1 comprimido;Canídeos - Desp.externo - Comprimido s/ prev.dirofilariose;0.00;0;0
;Instinct Dog No Grain Mini Adult Chicken 600g;Canídeos - Ração - Seca;0.00;0;0
;HPM Cat Kidney 1,5kg;Felídeos - Ração - Seca;0.00;0;0
;AD Cat Obesity / Weight Balance 1,5kg;Felídeos - Ração - Seca;3.00;32,4;32,4
;AD Dog Hypoallergenic 10kg;Canídeos - Ração - Seca;0.00;0;0
;Luvas De Cirurgia 6.5 - Powdered *F;Consumíveis;50.00;21,5;21,5
;Vacina Myxo-RHD PLUS;Leporídeos;2.00;22,82;22,82
;Purina Proplan Hypoallergenic Cão (HA) 3Kg;Canídeos - Ração - Seca;0.00;0;0
;Feliway F3 spray 60ml;Bem-estar Animal;0.00;0;0
;AD Cat Urinary 1,5kg;Felídeos - Ração - Seca;8.00;86,4;86,4
;Purina Proplan Gastrointestinal Cão (EN) 12Kg;Canídeos - Ração - Seca;0.00;0;0
;Amanova Cão Irresistible Beef 100g;Canídeos - Ração - Húmida;0.00;0;0
;AD Cat Renal Failure 1,5kg;Felídeos - Ração - Seca;4.00;43,2;43,2
;WeHemo solução oral 30ml;Suplemento;12.00;100,68;100,68
;Clyss Go enema;Medicamentos;0.00;0;0
;Toalhitas CLXWipes Pocket 20un;Tratamentos;0.00;0;0
;Schesir Gato Atum/Surimi 85g - latinha;Felídeos - Ração - Húmida;0.00;0;0
;RC Cat Hypoallergenic - 400g;Felídeos - Ração - Seca;0.00;0;0
;Trovetplus Cão Adulto Hipoalergénica Cavalo 3Kg;Canídeos - Ração - Seca;0.00;0;0
;x_Axitol Pan - Solução oral 100ml - Há outro;Medicamentos;0.00;0;0
;SP CRD-2 Weight Reduction 1.6Kg;Canídeos - Ração - Seca;0.00;0;0
;Bravecto gato Plus (1,2-2,8Kg);Felídeos - Desp.interno e externo - Pipeta;0.00;0;0
;Sanicat Clumping Sabão Marselha 10L;Bem-estar Animal;0.00;0;0
;HPM U1 Cat Dissolution 1.5Kg;Felídeos - Ração - Seca;0.00;0;0
;Amanova - Saqueta 85g;Felídeos - Ração - Húmida;0.00;0;0
;AD Dog Articular Care 12kg;Canídeos - Ração - Seca;0.00;0;0
;Canesten - creme;Medicamentos;0.00;0;0
;TOW CÃO PUPPY SALMÃO 12,2KG - Pacific Salmão;Canídeos - Ração - Seca;0.00;0;0
;Sitalan - Caixa de 48 comprimidos;Suplemento;0.00;0;0
;Vectra L - embalagem (colaboradores);Canídeos - Desp.externo - Pipeta;0.00;0;0
;Schesir Gato Atum/Abóbora 85g - Sopa;Felídeos - Ração - Húmida;2.00;2,38;2,38
;Librela 30mg (40-60kg) - 1ml;Medicamentos;3.00;162,57;162,57
;Manipulado Tilosina 220mg - 60 cápsulas;Medicamentos;0.00;0;0
;NAO USAR Amoxicilina + Ácido clavulânico Sandoz 500mg+125mg;Medicamentos;0.00;0;0
;Tobrex - pomada - 5g;Medicamentos;0.00;0;0
;Feliway Friend - Recarga 48mL;Suplemento;3.00;0;0
;Toalhitas Sanilove Aloe Vera 40un;Bem-estar Animal;0.00;0;0
;AD Cat Hypoallergenic 1,25kg;Felídeos - Ração - Seca;4.00;43,2;43,2
;Apoquel mastigável 03,6mg - blister 10 comprimidos;Medicamentos;2.00;19,46;19,46
;Bicarbonato sódio 8,4% - 100ml *f;Injectáveis;0.00;0;0
;Spray Lubrificante (Kruuse Clipper);Consumíveis;1.00;4,49;4,49
;SP FKW-P KIDNEY SUPPORT 85 GR;Felídeos - Ração - Húmida;0.00;0;0
;RC Cat Urinary S/O - Saqueta 85g (Loaf);Felídeos - Ração - Húmida;17.00;16,15;16,15
;VEGGIEDENT FR3SH M (15 Unidades);Bem-estar Animal;2.00;11,16;11,16
;Purina Proplan Everyday Nutrition Medium 14Kg;Canídeos - Ração - Seca;0.00;0;0
;RC Convalescence Support Instant 10x50 g;Canídeos e Felídeos - Ração;0.00;0;0
;Spray Limpeza (Orange oil);Consumíveis;0.00;0;0
;Oralade gato 330ml;Suplemento;0.00;0;0
;Cyclavance 100mg/ml 50ml;Medicamentos;1.00;78,73;78,73
;VEGGIEDENT FR3SH M (1 Unidade);Bem-estar Animal;0.00;0;0
;Credelio 900mg 22-45Kg - Comprimido;Canídeos - Desp.externo - Comprimido s/ prev.dirofilariose;18.00;95,76;95,76
;Rena expert gatos - 30 snacks;Suplemento;1.00;19,78;19,78
;Applaws Cat Senior Chicken 2kg;Felídeos - Ração - Seca;0.00;0;0
;Boletim sanitário de cães e gatos (Emissão);Outros;210.00;65,1;65,1
;Fortiflora cão - 1 saqueta;Suplemento;167.00;115,23;115,23
;VEGGIEDENT FR3SH S (1 Unidade);Bem-estar Animal;0.00;0;0
;Laxatract 667mg/ml 50ml - Embalagem;Medicamentos;1.00;7,89;7,89
;VEGGIEDENT FR3SH XS (1 Unidade);Bem-estar Animal;0.00;0;0
;Clomicalm 20mg - Caixa De 30 Comprimidos;Medicamentos;1.00;26,15;26,15
;Applaws Dog Chicken and Salmon with Kelp DESCONTINUADO;Canídeos - Ração - Húmida;0.00;0;0
;Diazepam 5mg - comprimido;Medicamentos;47.00;1,88;1,88
;Bravecto gato (2,8-6,25Kg);Felídeos - Desp.externo - Pipeta;3.00;66,72;66,72
;Areia Indikator (pH) - 6L;Bem-estar Animal;0.00;0;0
;AD Cat Sterilized Sensitive Salmon and Barley 0,7+0,7kg;Felídeos - Ração - Seca;0.00;0;0
;Aktivait - comprimido;Suplemento;0.00;0;0
;Flee spray;Outros;0.00;0;0
;VEGGIEDENT FR3SH XS (15 Unidades);Bem-estar Animal;0.00;0;0
;Canitroid palatável 400ug - caixa de 250cp;Medicamentos;1.00;51,44;51,44
;VEGGIEDENT FR3SH L (1 Unidade);Bem-estar Animal;0.00;0;0
;Leticaderm Champo 250ml;Bem-estar Animal;0.00;0;0
;Ownat Dog Prime Mini Adult Lamb 1kg;Canídeos - Ração - Seca;0.00;0;0
;Vet Aquadent;Medicamentos;0.00;0;0
;Vacina esgana + parvovirose;Canídeos - Vacinas;8.00;38;38
;Applaws Dog Beef and Vegetabes (pâte) 150g;Canídeos - Ração - Húmida;0.00;0;0
;Parafinina - solução  - 145ml *f;Medicamentos;0.00;0;0
;Wyzium - blister 20 comprimidos;Suplemento;0.00;0;0
;AD Dog Obesity 03kg;Canídeos - Ração - Seca;0.00;0;0
;Gabapentina - 1 cápsula;Medicamentos;29.00;0;0
;Toalhitas Inodorina Jasmin 40un;Bem-estar Animal;0.00;0;0
;Hexaderma Plus champô 200ml;Suplemento;0.00;0;0
;Purina Lilys Kitchen Cão - lata 400g;Canídeos - Ração - Húmida;0.00;0;0
;SP CID Digestive Support 2Kg;Canídeos - Ração - Seca;0.00;0;0
;Vacina trivalente RCP;Felídeos - Vacinas;44.00;202,84;202,84
;AD Cat Urinary 3kg;Felídeos - Ração - Seca;7.00;123,34;123,34
;Onsior 20mg/ml inj 20ml - *f;Injectáveis;0.00;0;0
;Tirocular - embalagem;Medicamentos;0.00;0;0
;Hexaderma Plus espuma 200ml;Suplemento;0.00;0;0
;SP CID-LF Digestive support Low Fat 12Kg;Canídeos - Ração - Seca;0.00;0;0
;Fortiflora Plus Cão - Saqueta;Suplemento;0.00;0;0
;Leticaderm Loção 200ml;Bem-estar Animal;0.00;0;0
;Meloxoral (meloxicam) 4mg - comprimido;Medicamentos;92.00;90,16;90,16
;SP CIW DIGESTIVE SUPPORT 300 GR;Canídeos - Ração - Húmida;2.00;3,06;3,06
;Lâminas para microscopia;Consumíveis;4.00;17,88;17,88
;Parvovirose + Coronavirus - teste rápido;Análises - Simples;0.00;0;0
;SP CRD-1 Weight Reduction 6Kg;Canídeos - Ração - Seca;0.00;0;0
;Panacur 10% - ml*;Animais Exóticos - Desparasitante;0.00;0;0
;RC Cat Urinary S/O MC - 1,5kg;Felídeos - Ração - Seca;0.00;0;0
;Redartik - blister de 15 cápsulas;Suplemento;0.00;0;0
;PEITORAL PUPPIA SOFT CAMUFLADO XS;Bem-estar Animal;0.00;0;0
;Fortiflora Plus Gato - Saqueta;Suplemento;0.00;0;0
;Wecysto Plus - 30 comprimidos (caixa);Suplemento;3.00;25,17;25,17
;Douxo S3 Calm Mousse - 150ml;Suplemento;3.00;50,28;50,28
;SP CKD Heart and Kidney Support 2Kg;Canídeos - Ração - Seca;0.00;0;0
;Stuzzygold Peru - Mousse 85gr;Felídeos - Ração - Húmida;0.00;0;0
;Stronghold gato 45mg - caixa *c;Felídeos - Desp.interno e externo - Pipeta;0.00;0;0
;Vacina Leptospirose L4 - NÃO EXISTE (só pi+l4);Canídeos - Vacinas;0.00;0;0
;Kong snacks - Small Kong - Chicken and Rice;Bem-estar Animal;0.00;0;0
;SP CDD Food Allergy Management 2Kg;Canídeos - Ração - Seca;0.00;0;0
;Suprelorin - Implante;Outros;0.00;0;0
;Vacina tosse do canil - Nobivac KC;Medicamentos;6.00;69,12;69,12
;KimiMove Rapid - Blister de 20 comprimidos;Suplemento;0.00;0;0
;PEITORAL PUPPIA SOFT LARANJA XS;Bem-estar Animal;1.00;10,53;10,53
;Rheumocan (meloxicam) sol. oral 1,5mg/ml - Frasco 15mL;Medicamentos;0.00;0;0
;TOW Cão Pato Couvet 390g;Canídeos - Ração - Húmida;0.00;0;0
;Recicort 20ml;Medicamentos;2.00;28,32;28,32
;Apoquel mastigável 05,4mg - blister 10 comprimidos;Medicamentos;11.00;117,26;117,26
;Wemuno 225g - embalagem;Suplemento;0.00;0;0
;Douxo S3 Calm Shampoo - 200ml;Suplemento;2.00;33,28;33,28
;SP CKW KIDNEY SUPPORT 300 GR;Canídeos - Ração - Húmida;0.00;0;0
;Lâminas para bisturi n.10;Consumíveis;100.00;11;11
;Stronghold gato 45mg - pipeta;Felídeos - Desp.interno e externo - Pipeta;0.00;0;0
;Kong extreme black - X-L;Bem-estar Animal;0.00;0;0
;Calmurofel - caixa de 30 cápsulas;Suplemento;1.00;8,96;8,96
;VITAMINA k1 - ampola de 5ml;Medicamentos;0.00;0;0
;Douxo S3 Pyo Mousse - 150ml;Suplemento;7.00;83,79;83,79
;SP CPD-M Puppy Medium Breed 4Kg;Canídeos - Ração - Seca;0.00;0;0
;Lâminas para bisturi n.12;Consumíveis;1.00;11;11
;Laevolac 10g/15ml - xarope - saqueta;Medicamentos;10.00;5,2;5,2
;Kong extreme black  - XX-L;Bem-estar Animal;0.00;0;0
;Famciclovir 125mg - comprimido;Medicamentos;0.00;0;0
;AD Cat Urinary Sterilized Low Calorie 7.5Kg;Felídeos - Ração - Seca;0.00;0;0
;Schesir Cão Frango/Papaia 150g - latinha;Canídeos - Ração - Húmida;3.00;5,4;5,4
;Vetmedin (pimobendan) 10mg - Caixa;Medicamentos;0.00;0;0
;SP CPD-M Puppy Medium Breed 7Kg;Canídeos - Ração - Seca;0.00;0;0
;Catmalt 50g;Suplemento;0.00;0;0
;Flexadine Advance Cães - 30 comprimidos;Medicamentos;0.00;0;0
;Bata Cirugica - M;Consumíveis;11.00;37,95;37,95
;RC Cat Renal Special Pack (2Kg + 3 saquetas);Felídeos - Rações;0.00;0;0
;Leishcollar 48cm;Canídeos - Desp.externo - Coleira;0.00;0;0
;SP CPD-S Puppy Small Breed 1Kg;Canídeos - Ração - Seca;0.00;0;0
;Leventa frasco 30ml;Medicamentos;0.00;0;0
;Koag - Vitamina K1 - comprimido;Medicamentos;0.00;0;0
;Omeprazol 20mg - cápsula;Medicamentos;68.00;2,04;2,04
;Immiticide frasco 5ml *f;Medicamentos;5.00;194,5;194,5
;RC Cat Renal Pack (2Kg + 3 saquetas);Canídeos e Felídeos - Ração;0.00;0;0
;Leishcollar 65cm;Canídeos - Desp.externo - Coleira;0.00;0;0
;Easy pill - Saqueta;Suplemento;19.00;41,04;41,04
;SP CPD-SPuppy Small Breed 7Kg;Canídeos - Ração - Seca;0.00;0;0
;Penamox Vet 30ml;Medicamentos;6.00;40,92;40,92
;Omeprazol 40mg - cápsula;Medicamentos;1.00;0,16;0,16
;Fato pós-cirurgia cão Tm09 Macho/Fêmea Dry - Verde/Rosa;Bem-estar Animal;3.00;76,5;76,5
;Zek - solução oftalmológica 2,5mg/ml - 10ml;Suplemento;0.00;0;0
;Epiotic - frasco 125ml;Suplemento;0.00;0;0
;TOW CÃO ADULTO BISONTE 12.2KG - H. Prairie;Canídeos - Ração - Seca;0.00;0;0
;PEITORAL PUPPIA SOFT ROSA XL;Bem-estar Animal;0.00;0;0
;Schesir Gato Atum/Frango/Gambas 85g - saqueta;Felídeos - Ração - Húmida;13.00;10,4;10,4
;SP CPD-XL Puppy Large Breed 12Kg;Canídeos - Ração - Seca;0.00;0;0
;Fato pós-cirurgia gato Tm02 - Rosa - NAO EXISTE;Bem-estar Animal;0.00;0;0
;Evexia 1200mg cão/gato - Caixa 20 comprimidos;Suplemento;0.00;0;0
;Quiflor (marbofloxacina) - Frasco *f;Injectáveis;0.00;0;0
;Schesir Cão Frango/Ananás 150g - latinha;Canídeos - Ração - Húmida;0.00;0;0
;Feliway Optimum - Recarga 48mL;Suplemento;4.00;81,84;81,84
;Ursofalk 500mg - Blister 10 cápsulas;Medicamentos;0.00;0;0
;SP CPD-XL Puppy Large Breed 4Kg;Canídeos - Ração - Seca;0.00;0;0
;Tubo soro - 4ml c/ gel - vermelho/amarelo;Consumíveis;150.00;22,5;22,5
;Retardoesteróide - frasco 50ml *f;Injectáveis;0.00;0;0
;Alprazolam 0,5mg - 1 comprimido;Medicamentos;0.00;0;0
;Cyclavance 100mg/ml 15ml;Medicamentos;0.00;0;0
;Feliway Optimum Difusor + Recarga 48mL;Suplemento;3.00;68,28;68,28
;SP CPW PUPPY 300 GR;Canídeos - Ração - Húmida;0.00;0;0
;AD Dog Gastroenteric Low Fat 12kg;Canídeos - Ração - Seca;1.00;44,34;44,34
;RC Cat Urinary S/O HDIL - 1,5kg - JÁ NÃO EXISTE;Felídeos - Ração - Seca;0.00;0;0
;Fato pós-cirurgia cão Tm02 Macho/Fêmea - Rosa/Verde;Bem-estar Animal;0.00;0;0
;Colar para braquicéfalo M;Consumíveis;5.00;17,8;17,8
;Vectra felis - pipeta;Felídeos - Desp.externo - Pipeta;0.00;0;0
;SP CT-H HEALTHY TREATS 300 GR FA;Canídeos - Ração - Seca;0.00;0;0
;SP CGD-M Senior Medium Breed 12Kg;Canídeos - Ração - Seca;0.00;0;0
;Fato pós-cirurgia cão Tm04 Macho/Fêmea - Rosa;Bem-estar Animal;0.00;0;0
;Corta unhas de gato;Bem-estar Animal;0.00;0;0
;SP CXD-M ADULT MEDIUM BREED 12Kg;Canídeos - Ração - Seca;0.00;0;0
;AD Dog Maxi Adult Chicken and Rice 14kg;Canídeos - Ração - Seca;0.00;0;0
;Amoxibactin 250 (amoxicilina) - comprimido;Medicamentos;0.00;0;0
;AD Dog Urinary 3Kg;Canídeos - Ração - Seca;0.00;0;0
;Pano de campo - com adesivo no buraco;Consumíveis;0.00;0;0
;Fato pós-cirurgia cão Tm05 Macho/Fêmea - Rosa;Bem-estar Animal;0.00;0;0
;HF óptima coelho 2,5kg;Leporídeos - Ração - Seca;0.00;0;0
;Acticam / Rheumocam / Inflacam (meloxicam) 2,5mg - 1 comprimido;Medicamentos;227.00;170,25;170,25
;Triturador de comprimidos;Bem-estar Animal;1.00;4,39;4,39
;TOW Prey Gato Peru 2.72Kg;Felídeos - Ração - Seca;0.00;0;0
;RC Cat Gastro Intestinal - 400g;Felídeos - Ração - Seca;1.00;5,25;5,25
;SP CXD-XL ADULT LARG BREED 12Kg;Canídeos - Ração - Seca;3.00;104,22;104,22
;LI Dog Adult Salmon;Canídeos - Ração - Seca;0.00;0;0
;AD Dog Mini Adult Chicken and Rice 7Kg;Canídeos - Ração - Seca;0.00;0;0
;Metrobactin/Metrovis 250mg - comprimido;Medicamentos;672.00;0;0
;Pente - Solução de limpeza;Consumíveis;0.00;0;0
;Pevaryl 10mg/g creme;Medicamentos;0.00;0;0
;Rilexine (cefalexina) 300 - 1 comprimido;Medicamentos;0.00;0;0
;Applaws Cat Adult Chicken and Salmon 7,5kg;Felídeos - Ração - Seca;0.00;0;0
;Instinct Dog No Grain High Meat Medium Adult Chicken 12Kg;Canídeos - Ração - Seca;0.00;0;0
;RC Cat Mature Consult 1,5Kg;Felídeos - Ração - Seca;0.00;0;0
;Fio sutura 2/0 T (Monosyn) - Caixa;Consumíveis;12.00;510,84;510,84
;AD Dog Mini Light Chicken and Rice 1,5kg;Canideos e Felídeos - Ração - Seca;0.00;0;0
;Champô Softcare Hidratante 300ml;Bem-estar Animal;1.00;0;0
;Stubbs S-Arti Plus - Embalagem 30ml;Suplemento;3.00;22,68;22,68
;SP CXD-S ADULT SMALL BREED 4Kg;Canídeos - Ração - Seca;0.00;0;0
;AD Dog Boxer 12kg;Canídeos - Ração - Seca;0.00;0;0
;Dermallay Campô Neutrale 250ml;Bem-estar Animal;0.00;0;0
;Metrobactin 500mg - comprimido;Medicamentos;16.00;8;8
;Anibidiol plus - saqueta;Suplemento;0.00;0;0
;Purina Proplan Urinary Frango (UR) 85g - Saqueta;Felídeos - Ração - Húmida;0.00;0;0
;Stubbs S-Arti Max - Embalagem 150g;Suplemento;4.00;92,4;92,4
;SP CXD-S ADULT SMALL BREED 7Kg;Canídeos - Ração - Seca;1.00;26,41;26,41
;AD Dog Maxi Puppy  Chicken and Rice 12kg;Canídeos - Ração - Seca;1.00;37,52;37,52
;Separador de sangue c/ Litio-Heparina (panelinha);Consumíveis;0.00;0;0
;Anibidiol regular - saqueta;Suplemento;0.00;0;0
;Purina Proplan Urinary Salmão (UR) 85g - Saqueta;Felídeos - Ração - Húmida;0.00;0;0
;Litter Roedores Back 2 Nature - 30L;Animais Exóticos;0.00;0;0
;Milbeguard Duo 25mg/250mg - cão raça gigante;Canídeos - Desp.interno - Comprimido c/ prev.dirofilariose;50.00;122;122
;Stubbs S-Uro - Embalagem 100ml;Suplemento;4.00;53,2;53,2
;SP CXW ADULTO 300 GR;Canídeos - Ração - Húmida;0.00;0;0
;AD Dog Medium Adult Chicken and Rice 14kg;Canídeos - Ração - Seca;3.00;102,33;102,33
;Ornipural frasco 100ml *f;Medicamentos;0.00;0;0
;WeNefro 100ml;Suplemento;9.00;91,98;91,98
;Fato pós-cirurgia cão Tm11 Macho/Fêmea Dry - Rosa/verde;Bem-estar Animal;3.00;90,3;90,3
;Impromune pasta;Suplemento;0.00;0;0
;RC Recovery Lata 195g;Canideos e Felídeos - Ração - Húmida;0.00;0;0
;Glutamax Forte Pasta 15ml;Suplemento;0.00;0;0
;Manipulado Ciclosporina 50mg/ml - 40ml;Medicamentos;0.00;0;0
;Senvelgo - Frasco 12ml;Medicamentos;0.00;0;0
;Daxocox 100mg - Caixa 12 comprimidos;Medicamentos;0.00;0;0
;Stubbs S-Allergo - 30 comprimidos;Suplemento;4.00;57;57
;SP FPD KITTEN 1,2 KG - não existe;Felídeos - Rações;0.00;0;0
;AD Cat Young Sterilized Chicken and Rice 1,5kg;Felídeos - Ração - Seca;5.00;48,3;48,3
;AD Dog Snacks Puppy 150g;Canídeos - Ração - Seca;9.00;17,82;17,82
;Toalhitas Inodorina Aloe Vera 40un;Bem-estar Animal;0.00;0;0
;TOW Prey Cão Peru 11,3Kg;Canídeos - Ração - Seca;0.00;0;0
;Fio sutura 3/0 T (Premilene/Optilene);Consumíveis;15.00;0;0
;Ataxxa 500/100mg Cão 4-10kg - pipeta;Canídeos - Desp.externo;15.00;45,75;45,75
;SP FPD Kitten 2Kg;Felídeos - Rações;0.00;0;0
;AD Cat Kitten Chicken and Rice 1,5kg;Felídeos - Ração - Seca;1.00;9,66;9,66
;SP CPD-S Puppy Small Breed 2,5Kg;Canídeos - Ração - Seca;0.00;0;0
;RC Cat Gastro Intestinal Moderate Calorie - 2kg;Felídeos - Ração - Seca;0.00;0;0
;Fato pós-cirurgia cão Tm03 Macho - Azul;Bem-estar Animal;0.00;0;0
;Toalhitas Inodorina Talco 40un;Bem-estar Animal;0.00;0;0
;Semintra sol. oral 4mg/ml - embalagem 30ml;Medicamentos;0.00;0;0
;AD Dog Maxi Puppy Chicken and Rice 3kg;Canídeos - Ração - Seca;0.00;0;0
;RC Kit Renal;Felídeos - Rações;0.00;0;0
;Fio Sutura 3/0 O (Premilene/Optilene HR26);Consumíveis;3.00;0;0
;SP FGD Senior 2Kg;Felídeos - Ração - Seca;0.00;0;0
;AD Dog Yorkshire Terrier 1,5kg;Canídeos - Ração - Seca;2.00;19,32;19,32
;Fato pós-cirurgia cão Tm11 Macho/Fêmea - Verde;Bem-estar Animal;0.00;0;0
;Fato pós-cirurgia cão Tm04 Macho - Azul;Bem-estar Animal;0.00;0;0
;TOW CÃO PUPPY BISONTE 2KG - H. Prairie;Canídeos - Ração - Seca;0.00;0;0
;AD Dog Wet Gastroenteric 150g - Saqueta;Canídeos - Ração - Húmida;4.00;5,8;5,8
;GimCat Relax - Pasta 50g;Suplemento;0.00;0;0
;2024 Kong Holiday Wubba Rena Natal;Outros;0.00;0;0
;Zylkene 450mg - 1 Blister;Suplemento;27.00;264,87;264,87
;RC Dog Gastro Intestinal Low fat - 6Kg;Canídeos - Ração - Seca;0.00;0;0
;SP FXD Adult 2Kg;Felídeos - Ração - Seca;0.00;0;0
;LI Dog Mini 3kg;Canídeos - Ração - Seca;0.00;0;0
;Ampicilina - ampola *f;Injectáveis;0.00;0;0
;Synacthen Depot 1mg/ml - 1 embalagem;Injectáveis;0.00;0;0
;Virbagen Omega 10MU - ampola;Injectáveis;0.00;0;0
;2024 Kong Holiday Yeti Natal;Outros;0.00;0;0
;RC Dog Gastro Intestinal Low Fat Small Dog - 1,5kg;Canídeos - Ração - Seca;0.00;0;0
;SP FKD KIDNEY SUPPORT 1 KG - não existe;Felídeos - Ração - Seca;0.00;0;0
;Manipulado ciclosporina oftalmológico;Medicamentos;0.00;0;0
;Partovet 50ml *f;Injectáveis;0.00;0;0
;Kaminox 60ml;Suplemento;0.00;0;0
;AD Dog Wet Weight Balance 150g - Saqueta;Canídeos - Ração - Húmida;9.00;9,99;9,99
;Kong - Holiday Dog Whipples XL Natal 2023;Outros;0.00;0;0
;Fio sutura 3/0 O (Monosyn);Consumíveis;49.00;0;0
;SP FKD Kidney Support 2Kg;Felídeos - Ração - Seca;0.00;0;0
;Loxicom/Meloxoral oral gato *f;Medicamentos;11.00;165,88;165,88
;AD Dog Mini Puppy Chicken and Rice 7kg;Canídeos - Ração - Seca;0.00;0;0
;Vetoryl 10mg - embalagem de 30 cápsulas;Medicamentos;0.00;0;0
;AD Dog Wet Atopica 150g - Saqueta;Canídeos - Ração - Húmida;26.00;0;0
;Kong - Holiday Comfort Polar Bear Natal 2023;Outros;0.00;0;0
;Fio Sutura 2/0 O (Premilene/Optilene HR26);Consumíveis;10.00;0;0
;Brinquedo cão Harry Potter;Outros;0.00;0;0
;SP FID DIGESTIVE SUPPORT 1 KG - não existe;Felídeos - Ração - Seca;0.00;0;0
;Areia Sanicat Evolution Senior 6 Lt - NAO EXISTE;Bem-estar Animal;0.00;0;0
;Fato pós-cirurgia cão Tm06 Macho - Azul;Bem-estar Animal;0.00;0;0
;Cimalgex 80mg - 1 comprimido;Medicamentos;0.00;0;0
;WeNzyme - 1 embalagem;Suplemento;0.00;0;0
;AD Cat Wet Gastroenteric 85g - Saqueta;Felídeos - Ração - Húmida;6.00;6,42;6,42
;2024 Kong Holiday Cat Teaser Loopz Natal;Outros;0.00;0;0
;Brinquedo cão Yoda;Outros;0.00;0;0
;Amanova Adult Exigent All Breeds Iberian Pork 2kg;Canideos e Felídeos - Ração - Seca;1.00;10,39;10,39
;SP FSD STRUVITE DISSOLUTION 1,5 KG;Felídeos - Ração - Seca;0.00;0;0
;Areia Sanicat Ultra Aglomerante Mediterranea 15 Lt - NAO EXISTE;Bem-estar Animal;0.00;0;0
;SP FDW Food Allergy 100g;Felídeos - Ração - Húmida;0.00;0;0
;PEITORAL PUPPIA SOFT CAMUFLADO M;Bem-estar Animal;0.00;0;0
;Otimectin gel - embalagem 10g;Medicamentos;0.00;0;0
;Phenoleptil 100mg - Caixa;Medicamentos;2.00;49,96;49,96
;AD Cat Wet Renal 85g - Saqueta;Felídeos - Ração - Húmida;20.00;0;0
;Kong - Holiday Cat Refillables Reindeer Natal 2023;Outros;0.00;0;0
;Amanova Adult Medium Frango&Quinoa 2Kg Exquisite Chicken;Canídeos - Ração;0.00;0;0
;HPM Cat KJ1 Kidney & Joint Early 3kg;Canideos e Felídeos - Ração - Seca;0.00;0;0
;SP FXW ADULTO 100 GR;Felídeos - Ração - Húmida;0.00;0;0
;Colar 30 confort;Consumíveis;12.00;72,96;72,96
;Upcard 3mg - Torasemida - Blister de 10 comprimidos;Medicamentos;31.00;212,04;212,04
;Itrafungol oral gato 10mg/ml - embalagem 52ml;Medicamentos;0.00;0;0
;AD Cat Wet Urinary 85g - Saqueta;Felídeos - Ração - Húmida;26.00;18,46;18,46
;Cobalin - 60 cápsulas;Suplemento;0.00;0;0
;RC Cat Skin & Coat 1,5Kg;Felídeos - Ração - Seca;0.00;0;0
;Toalhitas Ferribiella Água Micelar e Óleo de Aragão;Bem-estar Animal;2.00;3,62;3,62
;HPM Cat Adult Neutered With Salmon - Saqueta 85g;Felídeos - Ração - Húmida;0.00;0;0
;SP FSW STRUVITE 100 GR;Felídeos - Ração - Húmida;27.00;25,11;25,11
;Famvir 125mg - comprimido;Medicamentos;0.00;0;0
;Corta unhas de felídeo;Bem-estar Animal;0.00;0;0
;XXXXÁc. Ursodesoxicólico 80mg - embalagem de 100 cáps.;Medicamentos;0.00;0;0
;AD Dog&Cat Wet Recovery 100g - Saqueta;Canideos e Felídeos - Ração - Húmida;11.00;8,91;8,91
;Toalhitas Ferribiella Coconut;Bem-estar Animal;0.00;0;0
;Churu Cat Fun Bites Frango (8x12g);Felídeos - Ração - Húmida;0.00;0;0
;SP FPW KITTEN 100 GR;Felídeos - Ração - Húmida;0.00;0;0
;Stronghold 060mg - 05,1-10,0kg - caixa *c;Canídeos - Desp.interno e externo - Pipeta;0.00;0;0
;Applaws Cat Kitten Chicken 400g;Felídeos - Ração - Seca;0.00;0;0
;Dermoscent mousse gatos 150ml;Bem-estar Animal;0.00;0;0
;Amanova Gato Atum e Caranguejo - lata 70g;Felídeos - Ração - Húmida;39.00;33,54;33,54
;Churu Cat Fun Bites Frango e Abóbora (8x12g);Felídeos - Ração - Húmida;1.00;4,6;4,6
;Royal Canin Training Treats - embalagem 110g;Canídeos - Ração - Seca;2.00;4,3;4,3
;SP F/C-REC-W RECOVERY PLUS 95 GR;Canideos e Felídeos - Ração - Húmida;0.00;0;0
;Gorban - 100ml;Animais de produção - Medicamentos;0.00;0;0
;Stronghold 120mg - 10,1-20,0kg - caixa *c;Canídeos - Desp.interno e externo - Pipeta;0.00;0;0
;Dermoscent mousse cães 150ml;Bem-estar Animal;0.00;0;0
;Amanova Cao Peru Delight 100g;Canídeos - Ração - Húmida;1.00;0,86;0,86
;Churu Cat Fun Bites Frango e Atum (8x12g);Felídeos - Ração - Húmida;0.00;0;0
;Numelvi 31,6mg - blister de 30 comprimidos;Medicamentos;10.00;461,4;461,4
;SP FKW KIDNEY SUPPORT 100 GR;Felídeos - Ração - Húmida;53.00;51,41;51,41
;x_Spray para Clorhexidina *f (aproveitar);Consumíveis;0.00;0;0
;Stronghold 060mg - 05,1-10,0kg - pipeta;Canídeos - Desp.interno e externo - Pipeta;0.00;0;0
;Stronghold Plus gato 5-10kg - pipeta;Felídeos - Desp.interno e externo - Pipeta;0.00;0;0
;Sileo 0,1mg/ml gel - embalagem 3ml;Medicamentos;0.00;0;0
;Antisept - Spray antisetico 100ml;Tratamentos;8.00;47,6;47,6
;Purina Gourmet Perle Carne - Caixa (4x85g);Felídeos - Ração - Húmida;0.00;0;0
;Ownat Cat Author Sterilized Fresh Chicken 3Kg;Felídeos - Ração - Seca;0.00;0;0
;Amanova Cao Delicious Lamb 300g;Canídeos - Ração - Húmida;9.00;20,79;20,79
;Senvelgo - Frasco 30ml;Medicamentos;0.00;0;0
;Churu Dog Fun Bites Frango e Batata doce (8x12g);Canídeos - Ração - Húmida;0.00;0;0
;SP FIW DIGESTIVE SUPPORT 100 GR;Felídeos - Ração - Húmida;52.00;59,28;59,28
;Nutribound gato - 3x150ml;Medicamentos;0.00;0;0
;Stronghold 120mg - 10,1-20,0kg - pipeta;Canídeos - Desp.interno e externo - Pipeta;0.00;0;0
;Credelio 56,25mg 1,2-2,5Kg - Comprimido;Canídeos - Desp.externo - Comprimido s/ prev.dirofilariose;1.00;5,86;5,86
;Samilyn - embalagem;Suplemento;0.00;0;0
;Multiva Calming Raças Médias/Grandes;Suplemento;0.00;0;0
;Purina Gourmet Perle Peixe - Caixa (8x85g);Felídeos - Ração - Húmida;0.00;0;0
;Churu Dog Fun Bites Frango e Queijo (8x12g);Canídeos - Ração - Húmida;0.00;0;0
;SP CT-HY HYPOALLERGENIC TREATS 300 GR FA;Canídeos - Ração - Seca;0.00;0;0
;Ulcermin (sucralfato) - comprimido;Medicamentos;17.00;2,21;2,21
;Fato pós-cirurgia cão Tm12 Macho Dry - Azul;Bem-estar Animal;1.00;32,18;32,18
;AD Dog Maxi Light Chicken and Rice 12Kg;Canídeos - Ração - Seca;2.00;71,62;71,62
;Luvas de exame M;Consumíveis;0.00;0;0
;SP CT-HM HEALTHY TREATS MINI 275 GR FA;Canídeos - Ração - Seca;0.00;0;0
;Acalma - caixa 16 comprimidos;Medicamentos;0.00;0;0
;AD Dog Articular Care (+7anos) 3kg;Canídeos - Ração - Seca;0.00;0;0
;IRC VET - Gel 50mL;Suplemento;2.00;24,64;24,64
;Areia Golden Grey Master 14Kg;Outros;0.00;0;0
;RC Starter Small Dog - 1,5kg;Canídeos - Ração - Seca;0.00;0;0
;Escova Buster Large;Bem-estar Animal;1.00;18,75;18,75
;AD Dog Medium Light Chicken and Rice 3kg;Canídeos - Ração - Seca;0.00;0;0
;Areia Sanicat Bentonite Branca Talco Oriente 15 Lt - NAO EXISTE;Bem-estar Animal;0.00;0;0
;Fato pós-cirurgia gato Tm02 Dry Macho/Fêmea - Verde/Rosa;Bem-estar Animal;6.00;133,98;133,98
;Purina Proplan Diabetes (DM) lata 195g;Felídeos - Ração - Húmida;43.00;76,11;76,11
;Hepatosil Plus - Raças Médias - 30 comprimidos;Suplemento;1.00;41,71;41,71
;Churu Vet Cat Peixe - Saqueta 14g;Felídeos - Ração - Húmida;121.00;41,14;41,14
;Movoflex Gato - 30 chews;Suplemento;0.00;0;0
;RC Dog Gastro Intestinal Low fat - 1,5kg;Canídeos - Ração - Seca;2.00;20,5;20,5
;Bepanthene Plus - Creme;Medicamentos;0.00;0;0
;XXXMitex 20ml - embalagem;Medicamentos;0.00;0;0
;Tubo Endotraqueal 3.0;Consumíveis;1.00;2,11;2,11
;Churu Vet Cat Carne - Saqueta 14g;Felídeos - Ração - Húmida;131.00;44,54;44,54
;Amanova Cão Tasty Salmon & Turkey 100g;Canídeos - Ração - Húmida;0.00;0;0
;RC Dog Gastro Intestinal Low Fat - Lata 420g;Canídeos - Ração - Húmida;22.00;65,78;65,78
;Ciclosporina Teva 25mg;Medicamentos;0.00;0;0
;Kong snacks;Bem-estar Animal;0.00;0;0
;Tubo Endotraqueal 3.5;Consumíveis;1.00;2,11;2,11
;Fato Pós-Cirurgia Cão Tm15 Macho/Fêmea Dry - Rosa/verde;Bem-estar Animal;2.00;42,38;42,38
;Schesir Gato Frango/Ananás 85g - latinha;Felídeos - Ração - Húmida;1.00;1,23;1,23
;Kong - Flingaroo - brinquedo gato;Outros;0.00;0;0
;Amanova Cao Brilliant Beef & Chicken 100g;Canídeos - Ração - Húmida;6.00;5,16;5,16
;RC Cat Mother & Baby - 400g;Felídeos - Ração - Seca;3.00;16,08;16,08
;Tubo Endotraqueal 4.0;Consumíveis;0.00;0;0
;Fato Pós-Cirurgia Cão Tm14 Macho/Fêmea Dry - Rosa/verde;Bem-estar Animal;3.00;93,15;93,15
;Kong - Low stuff - binquedo cão   raposa rosa;Outros;0.00;0;0
;Churu Dog Bites Frango - Saqueta (8x96g);Canídeos - Ração;12.00;33,12;33,12
;Purina Proplan Urinary (UR) lata 195g;Felídeos - Ração - Húmida;20.00;35,4;35,4
;XNÃO EXISTEX RC Cat Neutered young male - 1,5kg;Felídeos - Ração - Seca;0.00;0;0
;Fato Buster pós-cirurgia gato - XXXS;Bem-estar Animal;0.00;0;0
;Purina Proplan Renal Frango (NF) 85g - Saqueta;Felídeos - Ração - Húmida;2.00;1,9;1,9
;Kong - Whoopz - brinquedo cão rosa;Outros;0.00;0;0
;AD Dog Maxi Senior Chicken and Rice 12kg;Canídeos - Ração - Seca;0.00;0;0
;Proplan Active Protect Cão Derma Salmão 10Kg;Canídeos - Ração - Seca;0.00;0;0
;Ubiflox 5mg - comprimido;Medicamentos;0.00;0;0
;Valben oral 2,5% - 5lt;Animais de produção - Medicamentos;0.00;0;0
;Fato Buster pós-cirurgia gato - XXS;Bem-estar Animal;1.00;0;0
;SP FRD Weight Redution 1,6Kg;Felídeos - Ração - Seca;0.00;0;0
;Zylkene 75mg - embalagem;Suplemento;0.00;0;0
;Cardalis 2,5/20mg - embalagem de 30 comprimidos;Medicamentos;0.00;0;0
;Purina Proplan Renal Salmão (NF) 85g - Saqueta;Felídeos - Ração - Húmida;4.00;3,8;3,8
;xxxx usar noutro produto;Outros;0.00;0;0
;Apoquel mastigável 16mg - blister 10 comprimidos;Medicamentos;22.00;0;0
;Omeprazol injectável - ampola *f;Injectáveis;23.00;37,03;37,03
;AD Dog Articular Care (+7anos) 12kg;Canídeos - Ração - Seca;2.00;79,58;79,58
;Fato pós-cirurgia cão Tm01 Macho/Fêmea - Rosa/branco;Bem-estar Animal;0.00;0;0
;Fato pós-cirurgia cão Tm02 Macho/Fêmea Dry - Rosa/verde;Bem-estar Animal;0.00;0;0
;SP FXD Adult 7Kg;Felídeos - Ração - Seca;0.00;0;0
;Enacard 05mg - blister de 7 comprimidos;Medicamentos;0.00;0;0
;AD Cat Sterilized Turkey and Barley 10kg;Felídeos - Ração - Seca;2.00;65,94;65,94
;Cutania GlycoBenz Shampoo 236ml;Tratamentos;0.00;0;0
;Schesir trial pack 5+2 saquetas mix;Felídeos - Ração - Húmida;0.00;0;0
;Rheumocam/Inflacam (meloxicam) 0,5mg/ml - embalagem de 3ml;Medicamentos;0.00;0;0
;Enacard 20mg - blister de 7 comprimidos;Medicamentos;0.00;0;0
;AD Cat Sterilized Turkey and Barley 3kg;Felídeos - Ração - Seca;5.00;71,05;71,05
;Aurizon / Otoxolan 20ml;Medicamentos;0.00;0;0
;Fibor - 500g;Suplemento;0.00;0;0
;AD Cat Urinary Sterilized Low Calorie 2.5Kg;Felídeos - Ração - Seca;0.00;0;0
;Schesir Gato Atum/Ananás 85g - saqueta;Felídeos - Ração - Húmida;0.00;0;0
;Trilotab 60mg - Caixa 30 comprimidos;Medicamentos;0.00;0;0
;AD Dog Gastroenteric Low Fat 800g;Canídeos - Ração - Seca;1.00;4,54;4,54
;Penso Buster Ear Cover L;Consumíveis;0.00;0;0
;Purina Proplan Diabetes Gato (DM) 1,5Kg;Felídeos - Ração - Seca;0.00;0;0
;AD Cat Sterilized Turkey and Barley 1,5kg;Felídeos - Ração - Seca;2.00;19,32;19,32
;Advantix cão 600 (40-60kg) - pipeta;Canídeos - Desp.externo - Pipeta;8.00;59,36;59,36
;Isathal (ácido fusídico) colírio 10mg/g - pomada 3g;Medicamentos;0.00;0;0
;Penso Buster Ear Cover S;Consumíveis;0.00;0;0
;HPM Senior Neutered Cat 3Kg;Felídeos - Ração - Seca;0.00;0;0
;Brinquedo Cão Hello Kitty;Outros;2.00;11,98;11,98
;Transportadora 55x36x35cm;Bem-estar Animal;0.00;0;0
;Drontal gato - comprimido;Felídeos - Desp.interno;0.00;0;0
;Doxybactin (doxiciclina) 400mg - comprimido;Medicamentos;105.00;194,25;194,25
;ProtecSativa Frasco 40ml;Suplemento;0.00;0;0
;Acticam / Loxicom / Meloxidolor injetável - frasco 20ml *f;Injectáveis;1.00;32,21;32,21
;NÃO USAR XXX Effivet - solução desinfectante - 60ml - Azul escuro;Tratamentos;0.00;0;0
;Toalhitas Inodorina Cipria 40un;Bem-estar Animal;0.00;0;0
;Pro-Enteric Triplex - 15ml;Suplemento;0.00;0;0
;SP FOD Skin Function Support 400g;Felídeos - Ração - Seca;0.00;0;0
;Fato pós-cirurgia cão Tm03 Macho Dry - Azul;Bem-estar Animal;1.00;21,5;21,5
;Schesir Gato Arroz/Frango/Carne 85g - latinha;Felídeos - Ração - Húmida;18.00;21,6;21,6
;Clomicalm 5mg - caixa de 30 comprimidos;Medicamentos;0.00;0;0
;Ancesol - frasco 100ml *f;Injectáveis;0.00;0;0
;Seringa de alimentação;Consumíveis;3.00;1,59;1,59
;Doxybactin/Doxycare (Doxiciclina) 200mg - comprimido;Medicamentos;170.00;125,8;125,8
;Omnicutis Atopicalm - 200 cápsulas;Suplemento;2.00;0;0
;Bioquimica - Ionograma;Análises - Simples;29.00;91,93;91,93
;Hipradog Multi (vacina pentavalente);Medicamentos;0.00;0;0
;Plaque-off classic cão 60g - embalagem;Suplemento;1.00;10,5;10,5
;Neptra - monodose;Medicamentos;6.00;107,58;107,58
;Galliprant 100mg - 1 comprimido;Medicamentos;0.00;0;0
;Ownat Dog Classic Lamb&Rice 20Kg;Canídeos - Ração - Seca;2.00;73,62;73,62
;Hidrogel 15gr (Askina );Medicamentos;0.00;0;0
;Euthasol / Exagon - frasco 250ml *f;Eutanásia;0.00;0;0
;Ovimilk 5Kg - Leite de substituição para borregos e cabritos;Suplemento;0.00;0;0
;Marbofloxacina (Marfloxin/Cruxial) 20mg - comprimido;Medicamentos;242.00;116,16;116,16
;AD Dog Snacks Appetite Control 150g;Canídeos - Ração - Seca;0.00;0;0
;Fato Pós-Cirurgia Cão Tm00 Macho/Fêmea Dry - Rosa/Verde;Bem-estar Animal;1.00;19,6;19,6
;Ownat Cat Classic Daily Care 4Kg;Felídeos - Ração - Seca;2.00;18,72;18,72
10;Vacina pentavalente DHPPi/L4;Canídeos - Vacinas;32.00;121,6;121,6
100;Bebedouro de viagem;Bem-estar Animal;0.00;0;0
101;Biberão + tetinas (conjunto);Bem-estar Animal;0.00;0;0
102;Cama de gatos Sunny Seat;Bem-estar Animal;2.00;42,68;42,68
103;Dental B - Tamanho S;Bem-estar Animal;0.00;0;0
104;Dental B - Tamanho M (7-20kg);Bem-estar Animal;0.00;0;0
105;Dental B - Tamanho L (+20kg);Bem-estar Animal;0.00;0;0
106;Escova Buster Medium (cor de rosa);Bem-estar Animal;2.00;37,3;37,3
107;Escova de silicone azul;Bem-estar Animal;0.00;0;0
108;Escova de silicone verde;Bem-estar Animal;0.00;0;0
109;Escova de silicone vermelha;Bem-estar Animal;0.00;0;0
11;Vacina tosse do canil - Eurican Pneumo;Canídeos - Vacinas;7.00;47,81;47,81
110;Escova de silicone amarela;Bem-estar Animal;0.00;0;0
111;Kit 2 dedeiras - escovas dentes (cuidado dental);Bem-estar Animal;0.00;0;0
112;Luva limpa patas;Bem-estar Animal;1.00;5,2;5,2
113;Mixol (leite para cães e gatos);Bem-estar Animal;0.00;0;0
114;Pente para pulgas;Bem-estar Animal;0.00;0;0
115;Apoptus;Medicamentos;0.00;0;0
116;Arthroquin - comprimido;Suplemento;0.00;0;0
117;Arthroquin - blister 12 *c;Suplemento;0.00;0;0
119;Atopica 25mg - blister de 5 comprimidos;Medicamentos;12.00;0;0
12;Vacina anti-rábica felinos;Felídeos - Vacinas;0.00;0;0
120;Aurizon 10ml - Embalagem;Medicamentos;4.00;48,56;48,56
121;Calcidélice;Medicamentos;0.00;0;0
122;Cephacare 250mg - comprimido;Medicamentos;0.00;0;0
123;Cerenia 24mg - comprimido;Medicamentos;33.00;94,71;94,71
124;Cerenia 60mg - comprimido;Medicamentos;20.00;100;100
125;Contralac 20mg - comprimido;Medicamentos;0.00;0;0
128;Enrocill/Enroxal 15mg - comprimido;Medicamentos;0.00;0;0
129;Enrox / Enrocill /Floxabactin /  Baytril 150mg - comprimido;Medicamentos;0.00;0;0
13;Vacina leucose felina FeLV;Felídeos - Vacinas;6.00;93,84;93,84
130;Enteral Care cão;Suplemento;0.00;0;0
131;Enteral Care gato;Suplemento;0.00;0;0
132;Ermidrá - champô;Bem-estar Animal;1.00;11,06;11,06
133;Flagyl xarope (Metronidazol);Medicamentos;0.00;0;0
134;Fluidixine gatos - comprimido - Já não existe;Medicamentos;0.00;0;0
135;Forbid 50g;Suplemento;1.00;7,92;7,92
137;Isaderm/Fuciderm gel;Medicamentos;0.00;0;0
138;Kelactin / Caliergolin 7ml;Medicamentos;0.00;0;0
139;Kelactin / Caliergolin 15ml;Medicamentos;0.00;0;0
14;Vacina quadrivalente RCPCh;Felídeos - Vacinas;16.00;119,36;119,36
140;KimiAdapt 35 (gatos) - 1 blister de 10 comprimidos;Medicamentos;0.00;0;0
142;Leisguard oral 60ml;Medicamentos;0.00;0;0
143;Leozin gel 50ml;Medicamentos;0.00;0;0
144;Lubrithal gel oftálmico 10g;Medicamentos;3.00;17,94;17,94
145;Malaseb champô;Medicamentos;6.00;74,04;74,04
146;NAO USAR Nicilan 250 (amoxicilina + ácido clavulânico) - comprimido;Medicamentos;0.00;0;0
147;Omnicutis/Omniomega - blister de 15 cápsulas;Suplemento;0.00;0;0
148;Omnimatrix pomada 20g;Medicamentos;4.00;31,64;31,64
149;Omniotic - ampola 5ml;Medicamentos;3.00;1,17;1,17
15;Procox - embalagem 7,5ml *f;Canídeos - Desp.interno - Suspensão;1.00;12,78;12,78
150;Omniotic - caixa *c;Medicamentos;0.00;0;0
151;Omniotic - frasco 120ml;Medicamentos;0.00;0;0
152;Oralade 500ml;Suplemento;0.00;0;0
153;Oridermyl pomada 10g;Medicamentos;0.00;0;0
154;Osurnia - tubos gel;Medicamentos;51.00;366,69;366,69
155;Pet Remedy Kit Difusor + Recarga;Medicamentos;0.00;0;0
156;Pet Remedy 2 recargas;Medicamentos;0.00;0;0
157;Previcox/Ficoxil 057mg - comprimido;Medicamentos;103.00;73,13;73,13
158;Previcox 057mg - caixa de 30 comprimidos *c;Medicamentos;0.00;0;0
159;Previcox/Ficoxil (firocoxib) 227mg - comprimido;Medicamentos;0.00;0;0
160;Previcox 227mg - caixa de 30 comprimidos *c;Medicamentos;0.00;0;0
161;Prodicol - blister;Medicamentos;0.00;0;0
162;Prodicol - embalagem;Medicamentos;0.00;0;0
163;Ulyte gel 20ml;Suplemento;0.00;0;0
164;Rimadyl / Rycarfa / Carprox / Karprovet 20mg - comprimido;Medicamentos;0.00;0;0
166;Rilexine (Cefalexina) 600mg - comprimido;Medicamentos;0.00;0;0
167;Rimadyl / Rycarfa 50mg - comprimido;Medicamentos;0.00;0;0
168;Rimadyl / Rycarfa 100mg - comprimido;Medicamentos;33.00;27,39;27,39
169;Romefen 5mg - comprimido;Medicamentos;0.00;0;0
17;Anthelmin Sabor / Zipyran Plus / Drontal Plus;Canídeos - Desp.interno - Comprimido s/ prev.dirofilariose;182.00;76,44;76,44
170;Romefen 20mg - comprimido;Medicamentos;0.00;0;0
171;Ronaxan (Doxiciclina) 20mg - comprimido;Medicamentos;32.00;15,36;15,36
172;Ronaxan (Doxiciclina) 100mg - comprimido;Medicamentos;3.00;3,6;3,6
173;Serimmun Pet;Medicamentos;0.00;0;0
174;Diazepam rectal (Stesolid) 5mg - ampola;Medicamentos;5.00;8,25;8,25
175;Diazepam rectal (Stesolid) 10mg - ampola;Medicamentos;2.00;3,48;3,48
176;Stomorgyl/Spizobactin - comprimido;Medicamentos;77.00;46,97;46,97
177;Cefalexina 75mg (Therius/Rilexine) - comprimido;Medicamentos;125.00;45;45
178;U-vita - caixa de 50 comprimidos;Suplemento;0.00;0;0
179;U-vita - gel para gatos;Suplemento;0.00;0;0
18;Anthelmin cães grandes / Zipyran Plus XL / Drontal XL;Canídeos - Desp.interno - Comprimido s/ prev.dirofilariose;20.00;13,2;13,2
180;WeBiotic - 12ml;Suplemento;0.00;0;0
181;WeDerm - 1 blister de 15 cápsulas;Suplemento;29.00;83,52;83,52
182;WeDerm - 1 caixa de 60 cápsulas *c;Suplemento;0.00;0;0
183;WeMalt 50g;Suplemento;33.00;127,05;127,05
184;WePaticare cão pequeno/gatos - embalagem;Suplemento;0.00;0;0
185;WePatic cão médio/grande - embalagem;Suplemento;11.00;242;242
186;Vetranquil - 1 comprimido;Medicamentos;0.00;0;0
187;Vetranquil - 1 embalagem;Medicamentos;0.00;0;0
189;Algália para cão 3.3;Consumíveis;0.00;0;0
19;Milbeguard/Milbactor/Milpro 02,5/25mg - cachorro;Canídeos - Desp.interno - Comprimido c/ prev.dirofilariose;258.00;273,48;273,48
190;Algália para cão 1.3;Consumíveis;0.00;0;0
191;Algália para gato 1.3;Consumíveis;11.00;0;0
193;Clorhexidina spray - NÃO EXISTE;Consumíveis;0.00;0;0
195;Colar 7,5;Consumíveis;0.00;0;0
196;Colar 10;Consumíveis;17.00;12,58;12,58
197;Colar 12,5;Consumíveis;0.00;0;0
198;Colar 15;Consumíveis;0.00;0;0
199;Colar 20;Consumíveis;0.00;0;0
20;Milbemax cachorro palatável;Canídeos - Desp.interno - Comprimido c/ prev.dirofilariose;0.00;0;0
200;Colar 25;Consumíveis;0.00;0;0
201;Colar 30;Consumíveis;0.00;0;0
202;Colar 35;Consumíveis;0.00;0;0
203;Colar 40;Consumíveis;0.00;0;0
204;Desinclor Clorhexidina c/sabão 0,8% 500ml c/doseador;Consumíveis;0.00;0;0
205;Gel lubrificante;Consumíveis;88.00;9,68;9,68
208;Resguardo grande *f;Consumíveis;2.00;12,08;12,08
21;Milbeguard 12,5/125mg - cão;Canídeos - Desp.interno - Comprimido c/ prev.dirofilariose;125.00;212,5;212,5
210;Regulador de fluxo *f;Consumíveis;7.00;15,05;15,05
214;Microchip - colocação e registo - Não existe;Bem-estar Animal;0.00;0;0
22;Milbemax cão palatável;Canídeos - Desp.interno - Comprimido c/ prev.dirofilariose;0.00;0;0
223;Adrenalina - ampola 1ml *f;Injectáveis;40.00;49,2;49,2
224;Clamoxyl LA (amoxicilina LA) - Frasco 100ml *f;Injectáveis;1.00;36,03;36,03
226;Atropina - ampola 1ml *f;Injectáveis;0.00;0;0
228;Calmivet - Frasco *f;Injectáveis;1.00;13,43;13,43
23;Heartgard Azul 5-11kg - comprimido;Canídeos - Desp.interno - Comprimido Só prev.dirofilariose;0.00;0;0
230;Catosal - Frasco *f;Injectáveis;1.00;13,32;13,32
231;Ceftriaxona - ampola *f;Injectáveis;18.00;22,32;22,32
232;Maropitant (Elmaro/Vominil) - Frasco 20/25ml *f;Injectáveis;5.00;219;219
239;Dexacortin / Cortexonavet (dexametasona) - Frasco *f;Injectáveis;0.00;0;0
24;Heartgard Azul 5-11kg - caixa *c;Canídeos - Desp.interno - Comprimido Só prev.dirofilariose;0.00;0;0
241;Duphalyte - Frasco 500ml *f;Suplemento;1.00;22,3;22,3
242;Enrocill/Enrotron (enrofloxacina) - Frasco *f;Injectáveis;1.00;22,32;22,32
243;Eutasil - Frasco 50ml *f;Injectáveis;0.00;0;0
244;Glucantime/Leishmaster - ampola 5ml;Injectáveis;0.00;0;0
245;Soro Lactato de Ringer - 1l *f;Injectáveis;48.00;126,72;126,72
247;Metronidazol - frasco de 100ml *f;Injectáveis;23.00;50,83;50,83
25;Heartgard Verde 12-22kg - comprimido;Canídeos - Desp.interno - Comprimido Só prev.dirofilariose;0.00;0;0
252;Ranitidina (Bloculcer) - Caixa 50 2ml *f;Injectáveis;0.00;0;0
253;Rimadyl / Rycarfa / Acticarp / Karprovet (Carprofeno) - 20ml *f;Injectáveis;4.00;109,12;109,12
254;Romefen 1% - Frasco 20ml *f;Injectáveis;0.00;0;0
255;Semfortan - Frasco *f;Injectáveis;11.00;149,49;149,49
256;Soro Glucosado - 1L *f;Injectáveis;1.00;4,94;4,94
257;Soro Fisiológico - 100ml;Injectáveis;1.00;1,54;1,54
258;Soro Fisiológico - 1l *f;Injectáveis;35.00;90,3;90,3
259;SteroVet - 500ml *f;Injectáveis;0.00;0;0
26;Heartgard Verde 12-22kg - caixa *c;Canídeos - Desp.interno - Comprimido Só prev.dirofilariose;0.00;0;0
260;Synulox - NÃO USAR;Injectáveis;0.00;0;0
262;Vitamina K (Kanakion) - ml *f;Suplemento;0.00;0;0
263;Metoclopramida (Vomend) - Frasco 10ml / caixa*f;Injectáveis;0.00;0;0
265;Bioquímica - CREA (Creatinine);Análises - Simples;18.00;25,2;25,2
267;cPLi - teste rápido;Análises - Simples;10.00;169,6;169,6
27;Heartgard Castanho 23-45kg - comprimido;Canídeos - Desp.interno - Comprimido Só prev.dirofilariose;0.00;0;0
273;Dirofilariose (Urano) - Teste Rápido;Análises - Simples;7.00;73,57;73,57
274;DTM - Teste fungos;Análises - Simples;9.00;32,13;32,13
275;FIV/FeLV (Urano) - Teste rápido;Análises - Simples;19.00;263,91;263,91
276;fPLi - Teste rápido;Análises - Simples;4.00;67,28;67,28
28;Heartgard Castanho 23-45kg - caixa *c;Canídeos - Desp.interno - Comprimido Só prev.dirofilariose;0.00;0;0
282;Parvovirose - teste rápido;Análises - Simples;11.00;30,91;30,91
287;T4 Total (Fujifilm);Análises - Simples;8.00;103,2;103,2
290;Bioquimica - Perfil Painel Pré-cirúrgico;Análises - Pack ;17.00;122,74;122,74
31;Milprazon/Milbeguard Duo Gatinho;Felídeos - Desp.interno - Comprimido c/ prev.dirofilariose;210.00;147;147
32;Milprazon/Milpro/Milbactor gato;Felídeos - Desp.interno - Comprimido c/ prev.dirofilariose;129.00;265,74;265,74
33;Frontline spray / Effipro spray / Amflee spray 100ml;Canídeos e Felídeos - Desp.externo - Spray;3.00;16,71;16,71
34;Coleira Scalibor 48cm;Canídeos - Desp.externo - Coleira;0.00;0;0
35;Coleira Scalibor 65cm;Canídeos - Desp.externo - Coleira;0.00;0;0
36;Coleira Seresto < 8kg (cachorro);Canídeos - Desp.externo - Coleira;18.00;0;0
37;Coleira Seresto >8kg (cão);Canídeos - Desp.externo - Coleira;27.00;675,27;675,27
38;Nexgard Spectra (02-3,5kg) - comprimido;Canídeos - Desp.externo - Comprimido c/ prev.dirofilariose;0.00;0;0
39;Nexgard Spectra (02-3,5kg) - caixa *c;Canídeos - Desp.externo - Comprimido c/ prev.dirofilariose;0.00;0;0
40;Nexgard Spectra (03,5-7,5kg) - comprimido;Canídeos - Desp.externo - Comprimido c/ prev.dirofilariose;0.00;0;0
41;Nexgard Spectra (03,5-7,5kg) - caixa *c;Canídeos - Desp.externo - Comprimido c/ prev.dirofilariose;0.00;0;0
42;Nexgard Spectra (07,5-15kg) - comprimido;Canídeos - Desp.externo - Comprimido c/ prev.dirofilariose;0.00;0;0
43;Nexgard Spectra (07,5-15kg) - caixa *c;Canídeos - Desp.externo - Comprimido c/ prev.dirofilariose;0.00;0;0
44;Nexgard Spectra (15-30kg) - comprimido;Canídeos - Desp.externo - Comprimido c/ prev.dirofilariose;0.00;0;0
46;Nexgard Spectra (30-60kg) - comprimido;Canídeos - Desp.externo - Comprimido c/ prev.dirofilariose;0.00;0;0
47;Nexgard Spectra (30-60kg) - caixa *c;Canídeos - Desp.externo - Comprimido c/ prev.dirofilariose;0.00;0;0
48;Bravecto (02-4,5kg);Canídeos - Desp.externo - Comprimido s/ prev.dirofilariose;11.00;164,89;164,89
49;Bravecto (04,5-10kg);Canídeos - Desp.externo - Comprimido s/ prev.dirofilariose;27.00;440,1;440,1
5;Vacina anti-rábica anual;Canídeos - Vacinas;0.00;0;0
50;Bravecto (10-20kg);Canídeos - Desp.externo - Comprimido s/ prev.dirofilariose;28.00;491,12;491,12
51;Bravecto (20-40kg);Canídeos - Desp.externo - Comprimido s/ prev.dirofilariose;20.00;387,8;387,8
52;Bravecto (40-56kg);Canídeos - Desp.externo - Comprimido s/ prev.dirofilariose;13.00;279,63;279,63
53;Activyl tick plus (0-5kg) - pipeta;Canídeos - Desp.externo - Pipeta;0.00;0;0
54;Activyl tick plus (0-5kg) - caixa *c;Canídeos - Desp.externo - Pipeta;0.00;0;0
55;Activyl tick plus (5-10kg) - pipeta;Canídeos - Desp.externo - Pipeta;0.00;0;0
56;Activyl tick plus (5-10kg) - caixa   *c;Canídeos - Desp.externo - Pipeta;0.00;0;0
57;Activyl tick plus (10-20kg) - pipeta;Canídeos - Desp.externo - Pipeta;0.00;0;0
58;Activyl tick plus (10-20kg) - caixa *c;Canídeos - Desp.externo - Pipeta;0.00;0;0
59;Activyl tick plus (20-40kg) - pipeta;Canídeos - Desp.externo - Pipeta;0.00;0;0
6;Vacina anti-rábica bi-anual (fora do programa de vendas);Canídeos - Vacinas;0.00;0;0
60;Activyl tick plus (20-40kg) - caixa *c;Canídeos - Desp.externo - Pipeta;0.00;0;0
61;Activyl tick plus (40-60kg) - pipeta;Canídeos - Desp.externo - Pipeta;0.00;0;0
62;Activyl tick plus (40-60kg) - caixa *c;Canídeos - Desp.externo - Pipeta;0.00;0;0
63;Advantix cão 040 (0-4kg) - pipeta;Canídeos - Desp.externo - Pipeta;22.00;79,42;79,42
64;Advantix cão 040 (0-4kg) - pack 4 pipetas;Canídeos - Desp.externo - Pipeta;0.00;0;0
65;Advantix cão 100 (4-10kg) - pipeta;Canídeos - Desp.externo - Pipeta;15.00;58,5;58,5
66;Advantix cão 100 (4-10kg) - pack 4 pipetas;Canídeos - Desp.externo - Pipeta;0.00;0;0
67;Advantix cão 250 (10-25kg) - pipeta;Canídeos - Desp.externo - Pipeta;41.00;173,43;173,43
68;Advantix cão 250 (10-25kg) - pack 4 pipetas;Canídeos - Desp.externo - Pipeta;0.00;0;0
69;Advantix cão 400 (25-40kg) - pipeta;Canídeos - Desp.externo - Pipeta;25.00;115,5;115,5
7;Vacina anti-rábica tri-anual;Canídeos - Vacinas;23.00;48,76;48,76
70;Advantix cão 400 (25-40kg) - pack 4 pipetas;Canídeos - Desp.externo - Pipeta;0.00;0;0
71;Advocate Cão - 2,5ml - (10-25kg) - pipeta;Canídeos - Desp.externo - Pipeta;0.00;0;0
72;Advocate Cão - 2,5ml - (10-25kg) - caixa *c;Canídeos - Desp.externo - Pipeta;0.00;0;0
73;Eliminall 2-10kg - pipeta;Canídeos - Desp.externo - Pipeta;0.00;0;0
74;Frontline Tri-Act XS (2-5kg) - pipeta;Canídeos - Desp.externo - Pipeta;0.00;0;0
75;Frontline Tri-Act XS (2-5kg) - caixa *c;Canídeos - Desp.externo - Pipeta;0.00;0;0
76;Frontline Tri-Act S (5-10kg) - pipeta;Canídeos - Desp.externo - Pipeta;0.00;0;0
77;Frontline Tri-Act S (5-10kg) - caixa *c;Canídeos - Desp.externo - Pipeta;0.00;0;0
78;Frontline Tri-Act M (10-20kg) - pipeta;Canídeos - Desp.externo - Pipeta;0.00;0;0
79;Frontline Tri-Act M (10-20kg) - caixa *c;Canídeos - Desp.externo - Pipeta;0.00;0;0
8;Vacina leishmaniose CANILEISH;Canídeos - Vacinas;0.00;0;0
80;Frontline Tri-Act L (20-40kg) - pipeta;Canídeos - Desp.externo - Pipeta;0.00;0;0
81;Frontline Tri-Act L (20-40kg) - caixa *c;Canídeos - Desp.externo - Pipeta;0.00;0;0
82;Frontline Tri-Act XL (40-60kg) - pipeta;Canídeos - Desp.externo - Pipeta;0.00;0;0
83;Frontline Tri-Act XL (40-60kg) - caixa *c;Canídeos - Desp.externo - Pipeta;0.00;0;0
84;Pulvex 1ml - pipeta;Canídeos - Desp.externo - Pipeta;0.00;0;0
85;Selehold / Stronghold / Evicto 15mg menos 2,5kg - 1 pipeta;Canídeos - Desp.interno e externo - Pipeta;23.00;85,79;85,79
86;Stronghold 015mg - 02,5 (menos de) - caixa *c;Canídeos - Desp.interno e externo - Pipeta;0.00;0;0
87;Coleira Seresto gato;Felídeos - Desp.externo - Coleira;3.00;56,28;56,28
88;Activyl gatinho < 4Kg - pipeta;Felídeos - Desp.externo - Pipeta;0.00;0;0
89;Activyl gatinho < 4Kg - caixa *c;Felídeos - Desp.externo - Pipeta;0.00;0;0
9;Vacina leptospirose + parainfluenza (Pi+L4);Canídeos - Vacinas;42.00;168;168
90;Activyl gato > 4kg  - pipeta;Felídeos - Desp.externo - Pipeta;0.00;0;0
92;Broadline gatinhos até 2,5kg  - pipeta;Felídeos - Desp.interno e externo - Pipeta;0.00;0;0
93;Broadline gatinhos até 2,5kg - caixa *c;Felídeos - Desp.externo - Pipeta;0.00;0;0
94;Broadline gatos de 2,5-7,5kg - pipeta;Felídeos - Desp.interno e externo - Pipeta;0.00;0;0
95;Broadline gatos de 2,5-7,5kg - caixa *c;Felídeos - Desp.externo - Pipeta;0.00;0;0
96;Eliminall gato - pipeta;Felídeos - Desp.externo - Pipeta;0.00;0;0
99;Areia Catrine;Bem-estar Animal;39.00;99,06;99,06
